source,target,year,cmd_code,trade_value_usd,trade_qty_kg,share_of_reporter_total,distance_km,estimated_tariff_pct,tariff_methodology,is_placeholder_estimate
Algeria,Netherlands,2024,2709,2091.0,3418.307,0.3758087706685837,2696.5801928343235,0.06,importer_default_lower_middle_income,True
Algeria,Niger,2024,2709,1519.0,2483.218,0.2730050323508267,1332.4333065054325,0.06,importer_default_lower_middle_income,True
Algeria,China,2024,2709,1246.0,2036.925,0.223939611790079,9240.71750464629,0.06,importer_default_lower_middle_income,True
Algeria,Ireland,2024,2709,708.0,1157.418,0.1272465851905104,2895.7856699318613,0.06,importer_default_lower_middle_income,True
Angola,United Kingdom,2024,2709,7143.92,186.0,0.5047037446272187,7665.748767573218,0.06,importer_default_lower_middle_income,True
Angola,USA,2024,2709,5278.21,0.0,0.3728950424877143,12841.299525381752,0.06,importer_default_lower_middle_income,True
Angola,Portugal,2024,2709,1547.89,3437.833,0.1093553510217115,6240.618462641177,0.06,importer_default_lower_middle_income,True
Angola,Canada,2024,2709,184.66,0.0,0.0130458618633554,13115.861240530365,0.06,importer_default_lower_middle_income,True
Antigua and Barbuda,USA,2024,2709,1189.848,219.919,1.0,3994.907324345166,0.02,importer_default_high_income,True
Armenia,Russian Federation,2024,2709,285128.68,421910.0,1.0,4636.0485505741935,0.04,importer_default_upper_middle_income,True
Australia,Malaysia,2024,2709,2093278243.954,3565828100.0,0.389190916795051,4746.097563385465,0.02,importer_default_high_income,True
Australia,USA,2024,2709,891684188.573,1565156399.46,0.1657855986631097,15184.48588708674,0.02,importer_default_high_income,True
Australia,Viet Nam,2024,2709,616834535.763,1027016300.0,0.1146844186518603,5173.3153293483965,0.02,importer_default_high_income,True
Australia,Brunei Darussalam,2024,2709,592901784.294,963702000.0,0.1102347428801129,3900.9841030970065,0.02,importer_default_high_income,True
Australia,United Arab Emirates,2024,2709,314948624.672,536457000.0,0.0585565460938931,10164.332596049622,0.02,importer_default_high_income,True
Australia,New Zealand,2024,2709,181399676.934,332797700.0,0.0337265754211989,4157.620841162753,0.02,importer_default_high_income,True
Australia,Nigeria,2024,2709,132613468.794,240412500.0,0.0246560425726389,13955.993775883078,0.02,importer_default_high_income,True
Australia,Libya,2024,2709,112996357.891,201245900.0,0.0210087484781915,13730.050943338712,0.02,importer_default_high_income,True
Australia,Indonesia,2024,2709,104792573.82,193970800.0,0.0194834671387408,3457.432560018586,0.02,importer_default_high_income,True
Australia,Algeria,2024,2709,96921277.503,151384000.0,0.0180200032925814,15276.737240607472,0.02,importer_default_high_income,True
Australia,Brazil,2024,2709,94715620.245,169534500.0,0.0176099184064197,15578.61408260731,0.02,importer_default_high_income,True
Australia,Liberia,2024,2709,62375521.949,101489000.0,0.0115971140688139,15580.456876780889,0.02,importer_default_high_income,True
Australia,Argentina,2024,2709,47551452.201,92149200.0,0.0088409619363769,12704.78807417705,0.02,importer_default_high_income,True
Australia,Azerbaijan,2024,2709,35524952.748,60432700.0,0.0066049456010105,11482.33012338254,0.02,importer_default_high_income,True
Austria,Kazakhstan,2024,2709,2724233140.455,4281050000.0,0.5646291459611112,3837.525025001866,0.02,importer_default_high_income,True
Austria,Libya,2024,2709,689645741.232,1058710000.0,0.1429371370992518,2366.8611564630837,0.02,importer_default_high_income,True
Austria,Saudi Arabia,2024,2709,538372993.903,925840000.0,0.1115840928743737,3763.448162137183,0.02,importer_default_high_income,True
Austria,Azerbaijan,2024,2709,199311924.553,313447000.0,0.0413097249530669,2749.569152872468,0.02,importer_default_high_income,True
Austria,Guyana,2024,2709,168458612.175,275058000.0,0.0349150154991059,8372.468638800301,0.02,importer_default_high_income,True
Austria,Iraq,2024,2709,144399538.324,245856000.0,0.0299284913579171,2908.5333314658974,0.02,importer_default_high_income,True
Austria,Algeria,2024,2709,113648754.434,180448000.0,0.0235550321309489,2437.1403678298816,0.02,importer_default_high_income,True
Austria,Norway,2024,2709,84730666.881,139285000.0,0.017561420631475,1492.9138959404754,0.02,importer_default_high_income,True
Austria,USA,2024,2709,51349576.165,77849000.0,0.0106427995845709,8343.9445152635,0.02,importer_default_high_income,True
Austria,Tunisia,2024,2709,35967337.082,54122000.0,0.0074546508217403,1572.4350548705886,0.02,importer_default_high_income,True
Austria,Israel,2024,2709,28044002.554,45362000.0,0.0058124471713722,2516.1085670735047,0.02,importer_default_high_income,True
Austria,Ghana,2024,2709,25042572.362,37662000.0,0.005190365697946,4640.12803426111,0.02,importer_default_high_income,True
Austria,Brazil,2024,2709,18511265.696,29621000.0,0.0038366760852362,9497.615788723091,0.02,importer_default_high_income,True
Austria,Germany,2024,2709,1522400.588,3277550.0,0.0003155353082847,502.6734641388627,0.0,eu_eea_uk_ch_zone,True
Austria,France,2024,2709,909290.506,55672.0,0.0001884610807383,947.6101155330005,0.0,eu_eea_uk_ch_zone,True
Austria,Slovakia,2024,2709,670667.828,1156640.0,0.0001390037428602,403.226111665978,0.0,eu_eea_uk_ch_zone,True
Azerbaijan,Russian Federation,2024,2709,906539466.97,1672840000.0,0.8885960610772652,4495.260037558415,0.04,importer_default_upper_middle_income,True
Azerbaijan,Turkmenistan,2024,2709,90824816.68,161503000.0,0.0890270940102197,1034.4531419400037,0.04,importer_default_upper_middle_income,True
Azerbaijan,Kazakhstan,2024,2709,22828700.18,34593100.0,0.0223768449125151,1769.1406617285636,0.04,importer_default_upper_middle_income,True
Bahamas,USA,2024,2709,6914.0,53000.0,0.9680761691402968,2193.2727017916227,0.02,importer_default_high_income,True
Bahamas,Netherlands,2024,2709,228.0,2000.0,0.0319238308597031,7352.043959594524,0.02,importer_default_high_income,True
Bahrain,Kuwait,2024,2709,98.511,82.0,1.0,487.84094915119744,0.02,importer_default_high_income,True
Belgium,Netherlands,2024,2709,21441185807.632,33174497759.1,0.978369922320512,189.88333415880027,0.0,eu_eea_uk_ch_zone,True
Belgium,United Kingdom,2024,2709,126520675.144,196014884.32,0.0057731892360409,757.0127038022158,0.0,eu_eea_uk_ch_zone,True
Belgium,USA,2024,2709,106281340.09,158461184.31,0.0048496602464477,7553.898167375194,0.02,importer_default_high_income,True
Belgium,France,2024,2709,88857742.518,111817464.12,0.0040546144893705,503.8056912270309,0.0,eu_eea_uk_ch_zone,True
Belgium,Trinidad and Tobago,2024,2709,66447932.376,101876748.0,0.0030320458495315,7382.781316993948,0.02,importer_default_high_income,True
Belgium,Nigeria,2024,2709,41549768.272,64200484.5,0.0018959326187193,4622.165333585657,0.02,importer_default_high_income,True
Belgium,Algeria,2024,2709,26394549.808,38066733.64,0.0012043939116532,2509.7807565407165,0.02,importer_default_high_income,True
Belgium,Norway,2024,2709,17193720.748,20867176.06,0.0007845563852458,1136.1483896270988,0.02,importer_default_high_income,True
Belgium,Germany,2024,2709,731692.414,1460803.1,3.3387418805580945e-05,426.3358560145185,0.0,eu_eea_uk_ch_zone,True
Belgium,Czechia,2024,2709,30505.213,5927.62,1.391965124548158e-06,786.78654304382,0.0,eu_eea_uk_ch_zone,True
Belgium,Spain,2024,2709,14057.358,10720.65,6.414428930323497e-07,1285.4141137376864,0.0,eu_eea_uk_ch_zone,True
Belgium,United Arab Emirates,2024,2709,2899.334,151.3,1.3229777521686896e-07,5184.792666149878,0.02,importer_default_high_income,True
Belgium,Gabon,2024,2709,582.65,14.4,2.658655357751425e-08,5745.292991153822,0.02,importer_default_high_income,True
Belgium,Bahrain,2024,2709,430.247,13.48,1.9632343460164377e-08,4760.666004446797,0.02,importer_default_high_income,True
Belgium,El Salvador,2024,2709,269.168,0.0,1.228224397726312e-08,9062.950374679143,0.02,importer_default_high_income,True
Belgium,Angola,2024,2709,266.59,8.0,1.2164608801561012e-08,6983.8046507974495,0.02,importer_default_high_income,True
Belgium,Japan,2024,2709,212.561,14.42,9.699243825607152e-09,9364.929378553465,0.02,importer_default_high_income,True
Belgium,Oman,2024,2709,190.043,8.19,8.671738439082711e-09,5492.0334880086875,0.02,importer_default_high_income,True
Belgium,Côte d'Ivoire,2024,2709,168.027,0.0,7.667139514234938e-09,4866.549725815843,0.02,importer_default_high_income,True
Belgium,Uruguay,2024,2709,110.53,6.35,5.043528305024715e-09,10958.098256648054,0.02,importer_default_high_income,True
Belgium,Canada,2024,2709,102.87,7.05,4.693999427647629e-09,6562.609864881317,0.02,importer_default_high_income,True
Belgium,Viet Nam,2024,2709,99.601,3.6,4.544833644338792e-09,9751.364369079793,0.02,importer_default_high_income,True
Belgium,Chile,2024,2709,88.765,0.0,4.050382611015279e-09,12117.412032215378,0.02,importer_default_high_income,True
Belgium,Peru,2024,2709,78.402,2.25,3.577514757717793e-09,10062.735849135946,0.02,importer_default_high_income,True
Belgium,Israel,2024,2709,69.904,4.86,3.189747603677261e-09,3309.8752130922235,0.02,importer_default_high_income,True
Belgium,Türkiye,2024,2709,53.002,7.74,2.418502553360354e-09,2721.3383808825492,0.02,importer_default_high_income,True
Belgium,India,2024,2709,51.273,1.5,2.339607588740905e-09,7171.412584340441,0.02,importer_default_high_income,True
Belgium,China,2024,2709,31.195,6.84,1.4234403824775712e-09,7627.185579469352,0.02,importer_default_high_income,True
Belgium,New Caledonia,2024,2709,23.053,1.98,1.051917651458742e-09,16333.45053885341,0.02,importer_default_high_income,True
Belgium,Azerbaijan,2024,2709,21.597,5.0,9.85479786516048e-10,3504.852334857605,0.02,importer_default_high_income,True
Belgium,Namibia,2024,2709,18.002,0.5,8.214384922378984e-10,8284.192654220209,0.02,importer_default_high_income,True
Belgium,Papua New Guinea,2024,2709,10.416,1.0,4.752862645900428e-10,13836.594602510157,0.02,importer_default_high_income,True
Belgium,Brazil,2024,2709,2.913,4.0,1.3292136028713466e-10,9038.90037449106,0.02,importer_default_high_income,True
Belgium,Madagascar,2024,2709,1.96,0.78,8.943558742285752e-11,8747.75413790074,0.02,importer_default_high_income,True
Belgium,Indonesia,2024,2709,1.216,0.0,5.548656852356875e-11,11436.47462557285,0.02,importer_default_high_income,True
Belgium,Cameroon,2024,2709,0.975,0.2,4.448964170269698e-11,4851.617123112694,0.02,importer_default_high_income,True
Belgium,Thailand,2024,2709,0.975,0.45,4.448964170269698e-11,9102.873948457594,0.02,importer_default_high_income,True
Belgium,Libya,2024,2709,0.964,5.0,4.3987707283487064e-11,2898.6823437318412,0.02,importer_default_high_income,True
Belgium,Singapore,2024,2709,0.964,1.0,4.3987707283487064e-11,10550.33003290394,0.02,importer_default_high_income,True
Belgium,Mauritius,2024,2709,0.954,0.45,4.353140326602351e-11,9434.21810546206,0.02,importer_default_high_income,True
Belize,Guatemala,2024,2709,240011.89,402128.0,1.0,242.08377633124016,0.04,importer_default_upper_middle_income,True
Bolivia (Plurinational State of),Argentina,2024,2709,83482546.0,136474883.734,0.7877710521406153,2460.2893464968165,0.06,importer_default_lower_middle_income,True
Bolivia (Plurinational State of),Br. Virgin Isds,2024,2709,15096950.0,24680063.016,0.1424601998316421,3861.390751207639,0.06,importer_default_lower_middle_income,True
Bolivia (Plurinational State of),Peru,2024,2709,4613530.0,7542067.181,0.0435349130605371,1468.549190853303,0.06,importer_default_lower_middle_income,True
Bolivia (Plurinational State of),Paraguay,2024,2709,2780081.0,4544797.079,0.0262338349672054,959.9182270419302,0.06,importer_default_lower_middle_income,True
Brazil,Saudi Arabia,2024,2709,1966876749.0,3187637000.0,0.219927480835079,11340.165669849895,0.04,importer_default_upper_middle_income,True
Brazil,USA,2024,2709,1507039192.0,2254066197.188,0.1685104738691956,7316.914682969025,0.04,importer_default_upper_middle_income,True
Brazil,Angola,2024,2709,1033329351.0,1657052150.0,0.1155423293065615,7550.95835059359,0.04,importer_default_upper_middle_income,True
Brazil,Guyana,2024,2709,876322490.0,1441031900.0,0.0979865147741515,2259.5114334616105,0.04,importer_default_upper_middle_income,True
Brazil,Algeria,2024,2709,760715198.0,1049808000.0,0.0850598174055177,7439.05812705431,0.04,importer_default_upper_middle_income,True
Brazil,Gabon,2024,2709,729513892.0,1176755200.0,0.0815710250188909,7137.669839435154,0.04,importer_default_upper_middle_income,True
Brazil,Argentina,2024,2709,567997036.0,877583175.0,0.0635109227422524,2924.2468900690706,0.04,importer_default_upper_middle_income,True
Brazil,Ghana,2024,2709,408654719.0,648079000.0,0.0456939678232157,6132.488768656199,0.04,importer_default_upper_middle_income,True
Brazil,Nigeria,2024,2709,397655123.0,606619300.0,0.0444640415252341,7168.32490525257,0.04,importer_default_upper_middle_income,True
Brazil,France,2024,2709,176244660.0,274197400.0,0.0197069003455055,8625.29007828946,0.04,importer_default_upper_middle_income,True
Brazil,Côte d'Ivoire,2024,2709,100227040.0,170617700.0,0.0112069454428009,5659.923006600326,0.04,importer_default_upper_middle_income,True
Brazil,Congo,2024,2709,97712151.0,129462000.0,0.0109257416497157,7606.922351563571,0.04,importer_default_upper_middle_income,True
Brazil,United Kingdom,2024,2709,90458425.0,127387560.0,0.0101146620095405,8966.771801914781,0.04,importer_default_upper_middle_income,True
Brazil,Russian Federation,2024,2709,77537044.0,106301990.0,0.0086698501911665,14451.514430912086,0.04,importer_default_upper_middle_income,True
Brazil,Dem. Rep. of the Congo,2024,2709,69176124.0,124536000.0,0.007734969002501,8140.015106104751,0.04,importer_default_upper_middle_income,True
Brazil,Malta,2024,2709,28014980.0,36554300.0,0.0031325114703692,8911.947484418666,0.04,importer_default_upper_middle_income,True
Brazil,Netherlands,2024,2709,26714285.0,30613400.0,0.0029870734937242,9189.5299338811,0.04,importer_default_upper_middle_income,True
Brazil,Peru,2024,2709,21231941.0,38216100.0,0.0023740619740118,2574.255815634024,0.04,importer_default_upper_middle_income,True
Brazil,South Africa,2024,2709,6035737.0,8356320.0,0.0006748894835774,7777.137821308,0.04,importer_default_upper_middle_income,True
Brazil,Bolivia (Plurinational State of),2024,2709,1836503.0,3036652.0,0.0002053496633896,1271.6387743816342,0.04,importer_default_upper_middle_income,True
Brazil,Japan,2024,2709,3957.0,0.0,4.42454282967584e-07,17370.43187077511,0.04,importer_default_upper_middle_income,True
Brazil,Switzerland,2024,2709,264.0,0.0,2.9519315315502196e-08,9043.03837377976,0.04,importer_default_upper_middle_income,True
Brunei Darussalam,Malaysia,2024,2709,1611659930.6,2608570000.0,0.3904377891386903,1414.261089077302,0.02,importer_default_high_income,True
Brunei Darussalam,Russian Federation,2024,2709,825495284.88,1219420000.0,0.1999829789482765,6385.315740472303,0.02,importer_default_high_income,True
Brunei Darussalam,Australia,2024,2709,562981955.47,819492000.0,0.1363869795638905,3900.9841030970065,0.02,importer_default_high_income,True
Brunei Darussalam,United Arab Emirates,2024,2709,505466488.5,849845000.0,0.1224533876573857,6842.736455536438,0.02,importer_default_high_income,True
Brunei Darussalam,Saudi Arabia,2024,2709,166357317.87,271467000.0,0.0403014197740985,7736.156107374989,0.02,importer_default_high_income,True
Brunei Darussalam,Viet Nam,2024,2709,157579157.19,236490000.0,0.0381748386117019,1273.211430919726,0.02,importer_default_high_income,True
Brunei Darussalam,Indonesia,2024,2709,106844339.74,158667000.0,0.0258839144648451,598.8079857457986,0.02,importer_default_high_income,True
Brunei Darussalam,Philippines,2024,2709,70354889.577,105438000.0,0.0170440469605235,1208.1325873160345,0.02,importer_default_high_income,True
Brunei Darussalam,Pakistan,2024,2709,46079333.27,64666800.0,0.0111630950582892,5549.296486863508,0.02,importer_default_high_income,True
Brunei Darussalam,Canada,2024,2709,37212767.53,80606300.0,0.0090150970476359,12307.11173987006,0.02,importer_default_high_income,True
Brunei Darussalam,Thailand,2024,2709,22315571.919,42123900.0,0.0054061296666823,1959.4592493784776,0.02,importer_default_high_income,True
Brunei Darussalam,Colombia,2024,2709,15480687.7,28385500.0,0.0037503231079799,18590.220668228205,0.02,importer_default_high_income,True
Bulgaria,Kazakhstan,2024,2709,1482984311.332,2378591400.0,0.3674727281585535,3248.9730592909186,0.02,importer_default_high_income,True
Bulgaria,Iraq,2024,2709,691370953.595,1236042800.0,0.1713166946850176,1906.9772783860903,0.02,importer_default_high_income,True
Bulgaria,Saudi Arabia,2024,2709,540156407.551,874436500.0,0.1338468298001112,2761.991351053879,0.02,importer_default_high_income,True
Bulgaria,Norway,2024,2709,482139074.638,790296100.0,0.1194705566034825,2280.626871064858,0.02,importer_default_high_income,True
Bulgaria,Libya,2024,2709,366322079.975,559535000.0,0.0907719475415224,1971.6313157469335,0.02,importer_default_high_income,True
Bulgaria,Guyana,2024,2709,138990882.235,215318200.0,0.0344409298829226,9185.24495101301,0.02,importer_default_high_income,True
Bulgaria,Egypt,2024,2709,86245343.9,138318300.0,0.0213709690464894,1833.8674620234503,0.02,importer_default_high_income,True
Bulgaria,Azerbaijan,2024,2709,81849538.638,138569600.0,0.0202817204686471,1858.4002502973003,0.02,importer_default_high_income,True
Bulgaria,Ghana,2024,2709,76628587.009,130241800.0,0.0189880066214863,4654.476049084947,0.02,importer_default_high_income,True
Bulgaria,Tunisia,2024,2709,75987515.388,140703200.0,0.018829153735644,1699.448304898238,0.02,importer_default_high_income,True
Bulgaria,Italy,2024,2709,12955775.481,27975500.0,0.0032103469504249,1065.66437938994,0.0,eu_eea_uk_ch_zone,True
Bulgaria,Türkiye,2024,2709,470.174,18.0,1.1650569811762485e-07,920.789420276294,0.02,importer_default_high_income,True
Burkina Faso,United Arab Emirates,2024,2709,15634.04,24503.0,1.0,5960.572627749345,0.08,importer_default_low_income,True
Cabo Verde,Portugal,2024,2709,224.209,75.0,1.0,2919.6817583169477,0.06,importer_default_lower_middle_income,True
Cambodia,France,2024,2709,356.0,5.0,1.0,9958.08013239989,0.06,importer_default_lower_middle_income,True
Canada,USA,2024,2709,11354463366.489,18561952672.153,0.7492321311517908,2261.5437678773055,0.0,bilateral_fta_bloc,True
Canada,Nigeria,2024,2709,1601682295.534,2618384507.124,0.1056881158516698,10656.624621064988,0.02,importer_default_high_income,True
Canada,Saudi Arabia,2024,2709,1467530037.977,2399076224.975,0.0968359862015008,10718.120771150883,0.02,importer_default_high_income,True
Canada,Ecuador,2024,2709,534609515.803,873964379.479,0.0352765792561594,6929.622911828692,0.02,importer_default_high_income,True
Canada,Côte d'Ivoire,2024,2709,109704010.832,179340986.12,0.0072388951532611,9972.955455076828,0.02,importer_default_high_income,True
Canada,Mexico,2024,2709,45865410.834,74979464.701,0.0030264609075872,3626.626850684984,0.02,importer_default_high_income,True
Canada,Colombia,2024,2709,40932053.539,66914552.986,0.0027009299088458,6395.722700965873,0.02,importer_default_high_income,True
Canada,Guyana,2024,2709,5456.817,8920.649,3.600718500076093e-07,7061.561450815574,0.02,importer_default_high_income,True
Canada,Poland,2024,2709,3761.398,6149.026,2.4819845277474425e-07,7005.159576893397,0.02,importer_default_high_income,True
Canada,Oman,2024,2709,858.437,1403.348,5.6644560135511614e-08,11226.600192169948,0.02,importer_default_high_income,True
Canada,Japan,2024,2709,831.106,1358.668,5.484110516669776e-08,8082.711742931965,0.02,importer_default_high_income,True
Canada,United Arab Emirates,2024,2709,745.281,1218.363,4.9177883085601194e-08,10973.59144565147,0.02,importer_default_high_income,True
Canada,Qatar,2024,2709,456.974,747.048,3.0153745963146144e-08,10708.698767423231,0.02,importer_default_high_income,True
Canada,Italy,2024,2709,453.33,741.09,2.9913294098729994e-08,7705.256658969186,0.02,importer_default_high_income,True
Canada,Germany,2024,2709,340.816,557.156,2.2488979863571266e-08,6750.715106021945,0.02,importer_default_high_income,True
Canada,China,2024,2709,339.389,554.823,2.2394818280003252e-08,9385.849916760364,0.02,importer_default_high_income,True
Canada,Türkiye,2024,2709,188.878,308.772,1.246324567705628e-08,8837.82822842115,0.02,importer_default_high_income,True
Canada,United Kingdom,2024,2709,65.684,107.378,4.33420424322454e-09,5807.422505518145,0.02,importer_default_high_income,True
Canada,Australia,2024,2709,52.874,86.437,3.4889275189734846e-09,14151.619922548973,0.02,importer_default_high_income,True
Canada,Finland,2024,2709,31.319,51.199,2.06660591153933e-09,6245.501068218103,0.02,importer_default_high_income,True
Canada,Cuba,2024,2709,25.08,40.999,1.654921174411903e-09,4507.958454845781,0.02,importer_default_high_income,True
Canada,Ireland,2024,2709,21.935,35.86,1.447396170682819e-09,5795.153438412283,0.02,importer_default_high_income,True
Canada,Netherlands,2024,2709,16.929,27.675,1.1170717927280351e-09,6453.743494450375,0.02,importer_default_high_income,True
Canada,Thailand,2024,2709,10.229,16.722,6.749676512384115e-10,11611.668088184442,0.02,importer_default_high_income,True
Canada,Grenada,2024,2709,3.703,6.054,2.4434502028896643e-10,6206.826636999548,0.02,importer_default_high_income,True
Canada,Spain,2024,2709,1.465,2.395,9.666903989288032e-11,7059.688098020236,0.02,importer_default_high_income,True
Canada,India,2024,2709,1.457,2.381,9.614115435080316e-11,11469.106640505308,0.02,importer_default_high_income,True
Central African Rep.,United Arab Emirates,2024,2709,82.47,100.0,1.0,3981.505458401208,0.08,importer_default_low_income,True
Chile,Brazil,2024,2709,2412268321.78,4034194547.0,0.468213127516335,3084.1906201364864,0.02,importer_default_high_income,True
Chile,Argentina,2024,2709,2179988490.24,3751284281.456,0.4231283973466579,766.3006579312382,0.02,importer_default_high_income,True
Chile,Ecuador,2024,2709,559800080.73,1109578568.0,0.10865530348178,3825.131488472112,0.02,importer_default_high_income,True
Chile,USA,2024,2709,16340.6,10215.356,3.1716552269143416e-06,8466.838734529367,0.02,importer_default_high_income,True
China,Russian Federation,2024,2709,62589755078.0,108469240000.0,0.1924733528576507,2854.610013670282,0.04,importer_default_upper_middle_income,True
China,Saudi Arabia,2024,2709,47910307938.0,78637619000.0,0.147331741333346,5766.622139326701,0.04,importer_default_upper_middle_income,True
China,Malaysia,2024,2709,38348163667.0,70157360000.0,0.1179266419515966,3526.8084073085706,0.04,importer_default_upper_middle_income,True
China,Iraq,2024,2709,37030183310.0,63838060000.0,0.1138736448117902,5460.38162445548,0.04,importer_default_upper_middle_income,True
China,Oman,2024,2709,25045149223.0,40767880000.0,0.0770177777139982,4914.511189089187,0.04,importer_default_upper_middle_income,True
China,United Arab Emirates,2024,2709,22068408683.0,35532280000.0,0.067863831806923,5000.879969520662,0.04,importer_default_upper_middle_income,True
China,Brazil,2024,2709,21888253222.0,36837620000.0,0.0673098253953135,16632.85229863252,0.04,importer_default_upper_middle_income,True
China,Angola,2024,2709,17208631211.0,28721490000.0,0.0529192508126015,10407.97333453435,0.04,importer_default_upper_middle_income,True
China,Kuwait,2024,2709,9612844681.0,15970070000.0,0.02956101112628,5289.973410220332,0.04,importer_default_upper_middle_income,True
China,Qatar,2024,2709,6149954812.0,10177614000.0,0.0189120794787188,5142.898471049405,0.04,importer_default_upper_middle_income,True
China,USA,2024,2709,6019333900.0,9639382000.0,0.018510399605477,11647.263538539984,0.04,importer_default_upper_middle_income,True
China,Canada,2024,2709,4744004921.0,9170467000.0,0.0145885621693223,9385.849916760364,0.04,importer_default_upper_middle_income,True
China,Colombia,2024,2709,4289767779.0,8092141000.0,0.0131917114290652,15516.44153390127,0.04,importer_default_upper_middle_income,True
China,Congo,2024,2709,3923926991.0,6551079000.0,0.0120666933971094,9875.31068100486,0.04,importer_default_upper_middle_income,True
China,Ecuador,2024,2709,2985294954.0,5678949000.0,0.0091802520771865,16223.128645701743,0.04,importer_default_upper_middle_income,True
China,Gabon,2024,2709,1760804870.0,2879881000.0,0.0054147522487446,10292.92942573162,0.04,importer_default_upper_middle_income,True
China,Norway,2024,2709,1571220016.0,2523072000.0,0.0048317489688159,6891.09569125584,0.04,importer_default_upper_middle_income,True
China,Ghana,2024,2709,1266720123.0,1896222000.0,0.0038953638483203,10836.246524636625,0.04,importer_default_upper_middle_income,True
China,Kazakhstan,2024,2709,1248518281.0,2033079200.0,0.0038393903179309,3325.154201186019,0.04,importer_default_upper_middle_income,True
China,Libya,2024,2709,1138833599.0,1756156100.0,0.0035020926487619,8077.59232238596,0.04,importer_default_upper_middle_income,True
China,United Kingdom,2024,2709,1041635611.0,1583952000.0,0.0032031935299195,7779.554951337013,0.04,importer_default_upper_middle_income,True
China,Equatorial Guinea,2024,2709,778867564.0,1225518900.0,0.002395140407377,10253.591037076276,0.04,importer_default_upper_middle_income,True
China,Nigeria,2024,2709,768761843.0,1212117400.0,0.0023640637239567,9908.85346582871,0.04,importer_default_upper_middle_income,True
China,Cameroon,2024,2709,767672576.0,1296420500.0,0.0023607140564051,9693.143945744683,0.04,importer_default_upper_middle_income,True
China,Chad,2024,2709,744700015.0,1214666400.0,0.0022900698138468,8608.12650219706,0.04,importer_default_upper_middle_income,True
China,Venezuela,2024,2709,728570105.0,1498370000.0,0.0022404678006239,15215.557806741592,0.04,importer_default_upper_middle_income,True
China,Senegal,2024,2709,652629810.0,1177787000.0,0.0020069394352,11482.937122005684,0.04,importer_default_upper_middle_income,True
China,Mexico,2024,2709,584138654.0,1047573000.0,0.0017963183452151,12826.34165204892,0.04,importer_default_upper_middle_income,True
China,Australia,2024,2709,391884757.0,562152500.0,0.0012051073377679,7474.3568124730755,0.04,importer_default_upper_middle_income,True
China,Papua New Guinea,2024,2709,374786344.0,551921900.0,0.0011525270253101,6260.718314743079,0.04,importer_default_upper_middle_income,True
China,Mongolia,2024,2709,322198066.0,568697700.0,0.0009908097893974,1223.575727802236,0.04,importer_default_upper_middle_income,True
China,South Sudan,2024,2709,299964621.0,462716100.0,0.0009224384449275,8020.293192968637,0.04,importer_default_upper_middle_income,True
China,Guyana,2024,2709,278340288.0,452842600.0,0.0008559402157743,15157.2201393736,0.04,importer_default_upper_middle_income,True
China,Thailand,2024,2709,225824256.0,362811500.0,0.0006944451476881,2245.557384848367,0.04,importer_default_upper_middle_income,True
China,Dem. Rep. of the Congo,2024,2709,154086450.0,244260000.0,0.000473840097704,9592.18203222916,0.04,importer_default_upper_middle_income,True
China,Indonesia,2024,2709,92094578.0,147279903.0,0.0002832053294597,4198.131019705776,0.04,importer_default_upper_middle_income,True
China,Niger,2024,2709,88152135.0,149952166.0,0.0002710816964192,9401.737900765038,0.04,importer_default_upper_middle_income,True
China,New Zealand,2024,2709,22073972.0,35493200.0,6.78809398827522e-05,11167.189644340771,0.04,importer_default_upper_middle_income,True
China,Mozambique,2024,2709,21700234.0,30530416.0,6.673163668032446e-05,9421.599931994877,0.04,importer_default_upper_middle_income,True
China,Viet Nam,2024,2709,18904964.0,25504000.0,5.813574125986907e-05,2458.4064995643357,0.04,importer_default_upper_middle_income,True
China,Argentina,2024,2709,17790061.0,30000000.0,5.4707238971377446e-05,18898.97184254646,0.04,importer_default_upper_middle_income,True
China,South Africa,2024,2709,11742517.0,21672500.0,3.611008886616309e-05,11237.048924480525,0.04,importer_default_upper_middle_income,True
China,Albania,2024,2709,1582.0,146.0,4.864899117137323e-09,7040.777075701015,0.04,importer_default_upper_middle_income,True
China,India,2024,2709,685.0,89.0,2.1064828667756422e-09,2983.794863320128,0.04,importer_default_upper_middle_income,True
China,Bahrain,2024,2709,386.0,16.0,1.1870107833217487e-09,5163.880558469188,0.04,importer_default_upper_middle_income,True
Colombia,USA,2024,2709,323876319.96,514984722.07,0.70407348137572,4222.305262761185,0.04,importer_default_upper_middle_income,True
Colombia,Nigeria,2024,2709,84799530.19,137362351.2,0.1843453712431726,9157.648193165262,0.04,importer_default_upper_middle_income,True
Colombia,Guyana,2024,2709,51322360.0,83937498.0,0.1115694802327035,1703.22704110074,0.04,importer_default_upper_middle_income,True
Colombia,"Areas, nes",2024,2709,2035.04,113.4,4.423965598089432e-06,,0.04,importer_default_upper_middle_income,True
Colombia,Ecuador,2024,2709,2011.88,131.65,4.373618163517261e-06,832.5841340348943,0.04,importer_default_upper_middle_income,True
Colombia,China,2024,2709,664.01,322.4,1.4434887750547228e-06,15516.44153390127,0.04,importer_default_upper_middle_income,True
Colombia,Peru,2024,2709,656.0,64.6,1.4260758669837776e-06,1532.209701353271,0.04,importer_default_upper_middle_income,True
Costa Rica,USA,2024,2709,36117.52,1744.3,0.7310599558904971,3269.0234201742564,0.04,importer_default_upper_middle_income,True
Costa Rica,China,2024,2709,8065.16,575.63,0.1632480722333593,14875.355417531886,0.04,importer_default_upper_middle_income,True
Costa Rica,Spain,2024,2709,4325.18,127.339,0.0875465951155688,8463.152328069971,0.04,importer_default_upper_middle_income,True
Costa Rica,Japan,2024,2709,896.46,0.0,0.0181453767605747,13276.754015211149,0.04,importer_default_upper_middle_income,True
Croatia,Azerbaijan,2024,2709,989581023.0,1549704000.0,0.5755682046913707,2686.9254413466783,0.02,importer_default_high_income,True
Croatia,Kazakhstan,2024,2709,300510288.0,467044400.0,0.174785250459928,3893.168174213587,0.02,importer_default_high_income,True
Croatia,Nigeria,2024,2709,204389768.0,350502000.0,0.1188788478061242,4053.6767725921377,0.02,importer_default_high_income,True
Croatia,Norway,2024,2709,84807045.0,146832000.0,0.0493261668335673,1766.002381312784,0.02,importer_default_high_income,True
Croatia,Libya,2024,2709,65482908.0,108696800.0,0.0380867042915496,2094.397277288844,0.02,importer_default_high_income,True
Croatia,Saudi Arabia,2024,2709,47172573.0,85916700.0,0.0274368975568791,3577.470088144246,0.02,importer_default_high_income,True
Croatia,Guyana,2024,2709,25865202.0,40000000.0,0.0150439302423038,8382.285984680719,0.02,importer_default_high_income,True
Croatia,Hungary,2024,2709,1501346.0,3072365.0,0.000873225134432,403.0922249237582,0.0,eu_eea_uk_ch_zone,True
Croatia,Pakistan,2024,2709,489.0,413.0,2.8441617770804834e-07,4933.34641556074,0.02,importer_default_high_income,True
Croatia,USA,2024,2709,431.0,0.0,2.5068174354226757e-07,8553.876926537898,0.02,importer_default_high_income,True
Croatia,Slovenia,2024,2709,409.0,172.18,2.378859236862818e-07,117.96479963670976,0.0,eu_eea_uk_ch_zone,True
Cyprus,United Kingdom,2024,2709,2138.784,1046.0,1.0,3591.583184044011,0.0,eu_eea_uk_ch_zone,True
Czechia,Azerbaijan,2024,2709,1703597541.0,2609970000.0,0.4227470260965006,2718.2008571456217,0.02,importer_default_high_income,True
Czechia,Russian Federation,2024,2709,1583541466.0,2715880000.0,0.3929551606766454,5309.351019136973,0.02,importer_default_high_income,True
Czechia,Kazakhstan,2024,2709,642519159.0,1015210000.0,0.1594408639013612,3690.268692802648,0.02,importer_default_high_income,True
Czechia,Norway,2024,2709,63292811.0,103029000.0,0.0157060849053772,1263.888363921934,0.02,importer_default_high_income,True
Czechia,Guyana,2024,2709,36860721.0,58806000.0,0.0091469726901436,8479.262291072931,0.02,importer_default_high_income,True
Czechia,Belgium,2024,2709,6423.0,400.0,1.5938647968603897e-06,786.78654304382,0.0,eu_eea_uk_ch_zone,True
Czechia,Poland,2024,2709,6100.0,43195.0,1.5137124802815467e-06,347.8149674090953,0.0,eu_eea_uk_ch_zone,True
Czechia,Italy,2024,2709,2731.0,0.0,6.776965219096565e-07,911.536788624819,0.0,eu_eea_uk_ch_zone,True
Czechia,United Kingdom,2024,2709,341.0,0.0,8.461900914360778e-08,1412.8558079849695,0.0,eu_eea_uk_ch_zone,True
Czechia,Germany,2024,2709,63.0,13.91,1.5633423976678273e-08,385.4616257060524,0.0,eu_eea_uk_ch_zone,True
Czechia,Switzerland,2024,2709,16.0,1.0,3.970393390902418e-09,630.6685985010124,0.0,eu_eea_uk_ch_zone,True
Czechia,Spain,2024,2709,9.0,1.0,2.23334628238261e-09,1823.112580293337,0.0,eu_eea_uk_ch_zone,True
Côte d'Ivoire,Nigeria,2024,2709,2174343297.3,3266300000.0,0.8956047978175713,1574.0820313994095,0.06,importer_default_lower_middle_income,True
Côte d'Ivoire,Colombia,2024,2709,253449905.31,444033000.0,0.1043951759981563,7602.369497729434,0.06,importer_default_lower_middle_income,True
Côte d'Ivoire,France,2024,2709,63.57,3.0,2.6184272312454313e-08,4365.495082010882,0.06,importer_default_lower_middle_income,True
Denmark,USA,2024,2709,2088214666.676,3257765672.0,0.7347483272004374,7487.915619266894,0.02,importer_default_high_income,True
Denmark,Norway,2024,2709,572116912.304,880028677.0,0.2013020744402544,471.7651238969115,0.02,importer_default_high_income,True
Denmark,Libya,2024,2709,96393128.641,162360973.0,0.0339163837668707,3385.187683234653,0.02,importer_default_high_income,True
Denmark,United Kingdom,2024,2709,70803331.414,115092873.0,0.0249124911087152,812.9390611597067,0.0,eu_eea_uk_ch_zone,True
Denmark,"Areas, nes",2024,2709,14547092.239,21634001.0,0.0051184640443357,,0.02,importer_default_high_income,True
Denmark,Netherlands,2024,2709,6214.1,6680.0,2.1864608332265155e-06,534.6008852522212,0.0,eu_eea_uk_ch_zone,True
Denmark,China,2024,2709,177.968,3.0,6.26188927709011e-08,7031.285108928965,0.02,importer_default_high_income,True
Denmark,Greenland,2024,2709,14.504,2.0,5.103301833751851e-09,2922.157872518633,0.02,importer_default_high_income,True
Denmark,Switzerland,2024,2709,11.458,3.0,4.0315521518980086e-09,1053.9564840228818,0.0,eu_eea_uk_ch_zone,True
Denmark,Lithuania,2024,2709,3.481,1.0,1.2248065142919331e-09,907.136254801926,0.0,eu_eea_uk_ch_zone,True
Dominican Rep.,USA,2024,2709,801988313.606,1239201420.8,0.9999998812825734,3216.3292850466946,0.04,importer_default_upper_middle_income,True
Dominican Rep.,United Kingdom,2024,2709,58.53,4.0,7.298110466011553e-08,6840.234007428607,0.04,importer_default_upper_middle_income,True
Dominican Rep.,Italy,2024,2709,36.68,4.0,4.5736321867982864e-08,8042.097385804385,0.04,importer_default_upper_middle_income,True
Ecuador,Spain,2024,2709,8068.572,910.0,0.9734668260523144,8832.972933207151,0.04,importer_default_upper_middle_income,True
Ecuador,USA,2024,2709,219.92,49.58,0.0265331739476855,4690.719587975518,0.04,importer_default_upper_middle_income,True
Egypt,Saudi Arabia,2024,2709,720650000.0,1147274195.332,0.873324607964323,1470.31955563778,0.06,importer_default_lower_middle_income,True
Egypt,Iraq,2024,2709,80630000.0,128362892.347,0.0977120143483846,1427.9205670319332,0.06,importer_default_lower_middle_income,True
Egypt,Kuwait,2024,2709,23900000.0,38048779.946,0.0289633776872924,1658.3264549591754,0.06,importer_default_lower_middle_income,True
El Salvador,India,2024,2709,43523.4,32568.0,0.9609405530717008,15967.661093478491,0.06,importer_default_lower_middle_income,True
El Salvador,Israel,2024,2709,1769.1,48.78,0.0390594469282993,12212.789503179809,0.06,importer_default_lower_middle_income,True
Estonia,Latvia,2024,2709,76.63,14.0,1.0,192.3250557675104,0.0,eu_eea_uk_ch_zone,True
Fiji,China,2024,2709,60203.676,47425.1,0.99437858593431,9776.601008939288,0.04,importer_default_upper_middle_income,True
Fiji,Australia,2024,2709,340.343,26.0,0.0056214140656899,4638.070333875874,0.04,importer_default_upper_middle_income,True
Finland,Norway,2024,2709,4050922781.009,6621152035.572,0.767784763826185,936.7381343963624,0.02,importer_default_high_income,True
Finland,United Kingdom,2024,2709,610805532.732,998349392.229,0.1157679884422669,1818.576243362988,0.0,eu_eea_uk_ch_zone,True
Finland,USA,2024,2709,401251997.403,655838341.782,0.0760506153079798,7823.304915566823,0.02,importer_default_high_income,True
Finland,Guyana,2024,2709,152069635.064,248554768.427,0.0288222598046328,9252.399728806718,0.02,importer_default_high_income,True
Finland,Denmark,2024,2709,61067749.079,99814011.024,0.0115743720230426,1116.378761777716,0.0,eu_eea_uk_ch_zone,True
Finland,Canada,2024,2709,3.144,5.138,5.958926960509154e-10,6245.501068218103,0.02,importer_default_high_income,True
France,USA,2024,2709,7442577613.642,11480520441.465,0.2507168277232487,7665.58674089517,0.02,importer_default_high_income,True
France,Nigeria,2024,2709,4219213862.597,6404689260.47,0.1421319292898351,4175.972926325855,0.02,importer_default_high_income,True
France,Kazakhstan,2024,2709,3418436568.246,5384773000.0,0.1151562827632222,4752.276121195228,0.02,importer_default_high_income,True
France,Algeria,2024,2709,2696937925.456,4124765944.861,0.0908512824908207,2023.6297033297012,0.02,importer_default_high_income,True
France,Norway,2024,2709,2174144397.675,3445702328.0,0.0732400271376692,1635.635976943292,0.02,importer_default_high_income,True
France,Libya,2024,2709,2119380899.372,3277316067.0,0.0713952186207396,2579.2285114444308,0.02,importer_default_high_income,True
France,Iraq,2024,2709,2069223207.015,3755614955.888,0.0697055650939003,3777.641949523736,0.02,importer_default_high_income,True
France,Angola,2024,2709,1672160807.537,2718979326.0,0.0563297925627771,6574.63838285856,0.02,importer_default_high_income,True
France,Saudi Arabia,2024,2709,859757545.603,1352409900.0,0.0289625040724606,4546.313452931867,0.02,importer_default_high_income,True
France,Chad,2024,2709,638192847.523,1128103905.0,0.0214986923231204,3750.437780089559,0.02,importer_default_high_income,True
France,Brazil,2024,2709,632140983.446,1086018000.0,0.021294824222314,8625.29007828946,0.02,importer_default_high_income,True
France,United Kingdom,2024,2709,577706989.897,942889750.794,0.0194611156751706,1091.3245498194483,0.0,eu_eea_uk_ch_zone,True
France,Azerbaijan,2024,2709,220978729.771,344355800.0,0.0074440723360339,3687.800043912525,0.02,importer_default_high_income,True
France,Canada,2024,2709,214531466.7,368666060.291,0.0072268844975496,6840.796869811404,0.02,importer_default_high_income,True
France,Guyana,2024,2709,186049847.985,291540800.0,0.0062674291229011,7428.461070369271,0.02,importer_default_high_income,True
France,United Arab Emirates,2024,2709,135820626.516,213240275.149,0.0045753660072094,5234.379228984077,0.02,importer_default_high_income,True
France,Cameroon,2024,2709,97748244.527,182248009.0,0.0032928282452043,4428.518313225146,0.02,importer_default_high_income,True
France,Equatorial Guinea,2024,2709,91186351.954,145742600.0,0.0030717789024675,5018.329017701674,0.02,importer_default_high_income,True
France,Niger,2024,2709,75621575.9,138714000.0,0.0025474509775119,3228.0329578112887,0.02,importer_default_high_income,True
France,Dem. Rep. of the Congo,2024,2709,62030860.483,89916400.0,0.0020896228925761,5912.075966863885,0.02,importer_default_high_income,True
France,Côte d'Ivoire,2024,2709,36393516.811,64485000.0,0.0012259821204715,4365.495082010882,0.02,importer_default_high_income,True
France,Egypt,2024,2709,16757961.966,25678000.0,0.0005645225728679,3311.7602079502,0.02,importer_default_high_income,True
France,Congo,2024,2709,15824772.499,26454610.0,0.0005330863803313,5334.363782927799,0.02,importer_default_high_income,True
France,Italy,2024,2709,11968693.614,27056389.0,0.0004031873163664,957.663694990872,0.0,eu_eea_uk_ch_zone,True
France,Belgium,2024,2709,347399.75,221871.0,1.1702795428320444e-05,503.8056912270309,0.0,eu_eea_uk_ch_zone,True
France,"Areas, nes",2024,2709,23813.453,6088.948,8.021996817813593e-07,,0.02,importer_default_high_income,True
France,Spain,2024,2709,19396.258,16763.645,6.533983960809525e-07,801.532862166119,0.0,eu_eea_uk_ch_zone,True
France,Germany,2024,2709,8331.082,2283.0,2.806477216594507e-07,815.833848614873,0.0,eu_eea_uk_ch_zone,True
France,Qatar,2024,2709,4477.808,456.0,1.5084314537156897e-07,4890.172315916395,0.02,importer_default_high_income,True
France,China,2024,2709,1780.516,2623.0,5.997993523268629e-08,8021.996811806065,0.02,importer_default_high_income,True
France,Netherlands,2024,2709,1498.015,2201.0,5.0463372796196464e-08,693.5008606060287,0.0,eu_eea_uk_ch_zone,True
France,Gabon,2024,2709,594.227,55.0,2.00176224046925e-08,5309.970911597286,0.02,importer_default_high_income,True
France,Israel,2024,2709,69.272,3.0,2.333553909899515e-09,3265.2628979099914,0.02,importer_default_high_income,True
France,Bahrain,2024,2709,60.613,2.0,2.0418596711620752e-09,4806.84588322556,0.02,importer_default_high_income,True
France,Singapore,2024,2709,28.142,44.576,9.48014697603536e-10,10787.384384180958,0.02,importer_default_high_income,True
France,Senegal,2024,2709,21.648,20.0,7.292524402573142e-10,3855.6137082216146,0.02,importer_default_high_income,True
France,India,2024,2709,7.577,12.001,2.552450914555466e-10,7368.905667129283,0.02,importer_default_high_income,True
Georgia,Russian Federation,2024,2709,5843773.914,10534268.0,0.999705072685638,4531.93168698318,0.04,importer_default_upper_middle_income,True
Georgia,Netherlands,2024,2709,1723.997,0.0,0.000294927314362,3032.881671291962,0.04,importer_default_upper_middle_income,True
Germany,Norway,2024,2709,8881148215.891,15260080000.0,0.1893470280082712,1042.076712913944,0.02,importer_default_high_income,True
Germany,USA,2024,2709,8863223948.307,14277130000.0,0.1889648807099992,7861.47210275358,0.02,importer_default_high_income,True
Germany,Kazakhstan,2024,2709,6358009785.965,10587300000.0,0.1355534473420787,3984.408987031749,0.02,importer_default_high_income,True
Germany,United Kingdom,2024,2709,4905329798.618,8204085000.0,0.1045821549410485,1032.9862607392445,0.0,eu_eea_uk_ch_zone,True
Germany,Libya,2024,2709,4548230427.203,7396755100.0,0.0969687582228103,2820.016498537777,0.02,importer_default_high_income,True
Germany,Guyana,2024,2709,2514868546.984,4337417000.0,0.0536172658790749,8159.482650308084,0.02,importer_default_high_income,True
Germany,Iraq,2024,2709,1828531750.432,3305480000.0,0.0389844921114545,3341.2892328703174,0.02,importer_default_high_income,True
Germany,Nigeria,2024,2709,1542653987.595,2450297230.0,0.0328895476908688,4682.321400203277,0.02,importer_default_high_income,True
Germany,Azerbaijan,2024,2709,1098048296.588,1768021000.0,0.0234105068977979,3093.767107650081,0.02,importer_default_high_income,True
Germany,Saudi Arabia,2024,2709,1060425068.794,1719019000.0,0.0226083756650227,4233.643453792658,0.02,importer_default_high_income,True
Germany,Chad,2024,2709,983332283.654,1750370000.0,0.0209647492563315,4039.206675092615,0.02,importer_default_high_income,True
Germany,Algeria,2024,2709,877281862.699,1387647000.0,0.0187037429608926,2675.646790939872,0.02,importer_default_high_income,True
Germany,Mexico,2024,2709,706261826.363,1286814000.0,0.0150575775301495,9447.55881332609,0.02,importer_default_high_income,True
Germany,United Arab Emirates,2024,2709,600854139.448,987414650.0,0.012810274393054,4814.907857931737,0.02,importer_default_high_income,True
Germany,Canada,2024,2709,486389192.125,906441974.0,0.0103698694972149,6750.715106021945,0.02,importer_default_high_income,True
Germany,Brazil,2024,2709,308609518.5,518371000.0,0.006579587877892,9431.64689458918,0.02,importer_default_high_income,True
Germany,Egypt,2024,2709,303144299.192,512603000.0,0.0064630688188437,3204.5126361465946,0.02,importer_default_high_income,True
Germany,Cameroon,2024,2709,223891041.005,402035300.0,0.0047733808941642,4873.05018046827,0.02,importer_default_high_income,True
Germany,Denmark,2024,2709,156675189.248,271923000.0,0.0033403317595421,570.3135120943541,0.0,eu_eea_uk_ch_zone,True
Germany,Côte d'Ivoire,2024,2709,129876153.927,216321400.0,0.002768973465753,5069.403304001966,0.02,importer_default_high_income,True
Germany,Angola,2024,2709,111050491.694,195933300.0,0.0023676083373422,6972.058830617245,0.02,importer_default_high_income,True
Germany,Poland,2024,2709,86883232.159,190949062.0,0.0018523597842476,606.6510341534486,0.0,eu_eea_uk_ch_zone,True
Germany,Netherlands,2024,2709,59040851.802,97630600.0,0.0012587572629159,371.8069262888413,0.0,eu_eea_uk_ch_zone,True
Germany,Senegal,2024,2709,51601709.49,95999800.0,0.0011001539547099,4646.2381919795225,0.02,importer_default_high_income,True
Germany,Ghana,2024,2709,47933130.551,81895000.0,0.0010219394601167,4920.155240140958,0.02,importer_default_high_income,True
Germany,Italy,2024,2709,47822270.615,115053002.0,0.0010195759144471,1045.9081182755865,0.0,eu_eea_uk_ch_zone,True
Germany,Gabon,2024,2709,44625307.73,79739600.0,0.0009514163244692,5779.769131739375,0.02,importer_default_high_income,True
Germany,Tunisia,2024,2709,39477923.58,59434000.0,0.0008416735449179,1922.7350653259336,0.02,importer_default_high_income,True
Germany,Equatorial Guinea,2024,2709,30126518.373,50871000.0,0.0006423005876602,5505.832630247196,0.02,importer_default_high_income,True
Germany,Russian Federation,2024,2709,7236964.261,21245000.0,0.0001542928505765,5420.6887884121115,0.02,importer_default_high_income,True
Germany,France,2024,2709,1493831.738,2678350.0,3.184865211782228e-05,815.833848614873,0.0,eu_eea_uk_ch_zone,True
Germany,Spain,2024,2709,1467.025,500.0,3.1277129602094604e-08,1615.3757128190225,0.0,eu_eea_uk_ch_zone,True
Germany,Taiwan,2024,2709,1319.275,247.0,2.8127083830066538e-08,9293.110907158298,0.02,importer_default_high_income,True
Ghana,United Arab Emirates,2024,2709,131377363.098,208115993.8,0.5992755109056775,6082.141742438992,0.06,importer_default_lower_middle_income,True
Ghana,Switzerland,2024,2709,45265721.165,68134943.0,0.206478784000516,4411.054402041818,0.06,importer_default_lower_middle_income,True
Ghana,Nigeria,2024,2709,36239386.934,54255068.0,0.1653053205488792,1073.9401867484603,0.06,importer_default_lower_middle_income,True
Ghana,Greece,2024,2709,4277481.368,7689493.0,0.0195116553700775,4145.26772203447,0.06,importer_default_lower_middle_income,True
Ghana,Marshall Isds,2024,2709,1172273.829,2558216.0,0.0053473062727807,18128.99015171496,0.06,importer_default_lower_middle_income,True
Ghana,Central African Rep.,2024,2709,474380.004,1015556.0,0.002163875971909,2426.6976012336495,0.06,importer_default_lower_middle_income,True
Ghana,Angola,2024,2709,412635.889,7272447.0,0.0018822312867859,2984.003696586098,0.06,importer_default_lower_middle_income,True
Ghana,Togo,2024,2709,6849.437,340.0,3.1243585354421976e-05,216.67634426601632,0.06,importer_default_lower_middle_income,True
Ghana,United Kingdom,2024,2709,580.147,0.0,2.6463302476702607e-06,5278.467475175403,0.06,importer_default_lower_middle_income,True
Ghana,China,2024,2709,312.558,10.0,1.4257277716704929e-06,10836.246524636625,0.06,importer_default_lower_middle_income,True
Greece,Iraq,2024,2709,4599351683.873,8229894000.0,0.3113459378463363,2061.293868365889,0.02,importer_default_high_income,True
Greece,Kazakhstan,2024,2709,4092149232.908,6528911000.0,0.2770116590984495,3710.8866583937593,0.02,importer_default_high_income,True
Greece,Libya,2024,2709,2464288024.648,3913611000.0,0.1668161338581198,1479.7733214873683,0.02,importer_default_high_income,True
Greece,Saudi Arabia,2024,2709,1298866874.662,2160864900.0,0.0879247670159998,2763.350481876034,0.02,importer_default_high_income,True
Greece,Norway,2024,2709,826689393.808,1412133000.0,0.0559614489853562,2553.9335143973863,0.02,importer_default_high_income,True
Greece,Egypt,2024,2709,563798203.993,922541200.0,0.0381654399670663,1597.4600790759555,0.02,importer_default_high_income,True
Greece,Azerbaijan,2024,2709,378580586.437,606830100.0,0.0256274222621282,2201.615254877477,0.02,importer_default_high_income,True
Greece,Guyana,2024,2709,215157031.734,347143100.0,0.014564719646106,8869.45570988868,0.02,importer_default_high_income,True
Greece,Nigeria,2024,2709,157948292.016,252145000.0,0.0106920632491269,3582.8495995138255,0.02,importer_default_high_income,True
Greece,Côte d'Ivoire,2024,2709,91537665.592,136426900.0,0.0061964994853375,4446.596420786405,0.02,importer_default_high_income,True
Greece,Algeria,2024,2709,49682416.932,80361200.0,0.0033631737160704,2227.6484467853184,0.02,importer_default_high_income,True
Greece,Turkmenistan,2024,2709,34340859.118,57299800.0,0.0023246508906966,3235.6867097196073,0.02,importer_default_high_income,True
Greece,Israel,2024,2709,57609.7,24704.0,3.899798777823e-06,1481.5931222739662,0.02,importer_default_high_income,True
Greece,Albania,2024,2709,30745.017,49260.0,2.081235967567048e-06,270.6852003431425,0.02,importer_default_high_income,True
Greece,France,2024,2709,1520.745,0.0,1.0294446060959245e-07,1783.6769678164223,0.0,eu_eea_uk_ch_zone,True
Grenada,Jamaica,2024,2709,1008.222,136.11,0.914225867439235,1803.0150867390664,0.04,importer_default_upper_middle_income,True
Grenada,USA,2024,2709,52.315,7.06,0.0474376935388075,4379.338617310824,0.04,importer_default_upper_middle_income,True
Grenada,United Kingdom,2024,2709,42.278,5.71,0.0383364390219574,6925.579509973576,0.04,importer_default_upper_middle_income,True
Guatemala,Rep. of Korea,2024,2709,252214.0,47962.0,0.5966243627804653,13014.795434396445,0.04,importer_default_upper_middle_income,True
Guatemala,USA,2024,2709,130630.0,31234.0,0.3090115557027452,2430.0136679046827,0.04,importer_default_upper_middle_income,True
Guatemala,India,2024,2709,34850.0,15130.0,0.0824393532591339,15801.540810980749,0.04,importer_default_upper_middle_income,True
Guatemala,China,2024,2709,4911.0,756.0,0.0116172069972914,14075.011738369749,0.04,importer_default_upper_middle_income,True
Guatemala,Mexico,2024,2709,79.0,10.0,0.000186878304375,1556.134412009479,0.04,importer_default_upper_middle_income,True
Guatemala,Germany,2024,2709,51.0,1.0,0.0001206429559889,9369.202907934265,0.04,importer_default_upper_middle_income,True
Guyana,USA,2024,2709,6637.885,1896.4,0.8912557807424458,5176.510888930579,0.02,importer_default_high_income,True
Guyana,United Kingdom,2024,2709,809.904,0.0,0.1087442192575541,7452.192640958116,0.02,importer_default_high_income,True
Hungary,Russian Federation,2024,2709,2444584765.29,4816720000.0,0.8346795480952366,5345.117480398963,0.02,importer_default_high_income,True
Hungary,Croatia,2024,2709,484100621.973,765492000.0,0.1652914204973833,403.0922249237582,0.0,eu_eea_uk_ch_zone,True
Hungary,Slovenia,2024,2709,81710.883,142128.0,2.7899381467679207e-05,361.88571345157294,0.0,eu_eea_uk_ch_zone,True
Hungary,Austria,2024,2709,3287.445,120.0,1.1224659279353849e-06,375.2336837791584,0.0,eu_eea_uk_ch_zone,True
Hungary,USA,2024,2709,14.0,1.0,4.780163011425404e-09,8652.058920094925,0.02,importer_default_high_income,True
Hungary,Canada,2024,2709,11.121,10.0,3.7971566321472805e-09,7476.347471254913,0.02,importer_default_high_income,True
Hungary,Nigeria,2024,2709,2.878,10.0,9.826649390630224e-10,4356.354406539927,0.02,importer_default_high_income,True
Iceland,Denmark,2024,2709,323.627,4.0,0.6064519151487894,1808.739960745159,0.0,eu_eea_uk_ch_zone,True
Iceland,USA,2024,2709,163.644,3.981,0.306656172700697,5713.538356574239,0.02,importer_default_high_income,True
Iceland,Austria,2024,2709,46.369,5.0,0.0868919121505134,2779.679842535434,0.0,eu_eea_uk_ch_zone,True
India,Russian Federation,2024,2709,52727893909.941,92008859000.0,0.3725501925692007,4985.665332409415,0.06,importer_default_lower_middle_income,True
India,Iraq,2024,2709,28105033563.002,50090900000.0,0.1985767852579864,3747.273397896542,0.06,importer_default_lower_middle_income,True
India,Saudi Arabia,2024,2709,19606881972.92,31723400000.0,0.1385328924225395,3498.387752750821,0.06,importer_default_lower_middle_income,True
India,United Arab Emirates,2024,2709,13452491019.064,21250800000.0,0.0950488962871861,2604.886929797538,0.06,importer_default_lower_middle_income,True
India,Nigeria,2024,2709,4147421218.557,6395760000.0,0.0293037035819799,7611.328245981093,0.06,importer_default_lower_middle_income,True
India,USA,2024,2709,3907183804.259,5959159022.0,0.027606300398915,13576.672224933369,0.06,importer_default_lower_middle_income,True
India,Angola,2024,2709,3558289000.997,5781781000.0,0.0251411758414339,7554.44068322331,0.06,importer_default_lower_middle_income,True
India,Kuwait,2024,2709,3089863519.848,5251690000.0,0.0218315044272021,3306.689882611395,0.06,importer_default_lower_middle_income,True
India,Venezuela,2024,2709,1758651118.364,3729060000.0,0.0124257914402498,15200.132212771156,0.06,importer_default_lower_middle_income,True
India,Colombia,2024,2709,1713954729.506,3442370000.0,0.0121099880382661,15971.966483760303,0.06,importer_default_lower_middle_income,True
India,Mexico,2024,2709,1673011150.036,3249944000.0,0.0118207002005597,15094.395302327192,0.06,importer_default_lower_middle_income,True
India,Brazil,2024,2709,1007874321.25,1942360000.0,0.0071211600658384,14775.31031094304,0.06,importer_default_lower_middle_income,True
India,Canada,2024,2709,977777168.084,1903180000.0,0.0069085079119912,11469.106640505308,0.06,importer_default_lower_middle_income,True
India,Qatar,2024,2709,950593938.861,1532940000.0,0.0067164441572928,2887.230784856977,0.06,importer_default_lower_middle_income,True
India,Algeria,2024,2709,832907170.823,1199000000.0,0.005884925489578,7750.392983717139,0.06,importer_default_lower_middle_income,True
India,Azerbaijan,2024,2709,733088021.496,1087590000.0,0.0051796509082077,3681.386848150349,0.06,importer_default_lower_middle_income,True
India,Türkiye,2024,2709,612463424.717,913671000.0,0.0043273749414234,4631.1719387782105,0.06,importer_default_lower_middle_income,True
India,Oman,2024,2709,571811214.822,961147000.0,0.0040401457824015,2385.6638103951063,0.06,importer_default_lower_middle_income,True
India,Malaysia,2024,2709,570269118.98,811076000.0,0.0040292500674337,3084.1193658045204,0.06,importer_default_lower_middle_income,True
India,Dem. Rep. of the Congo,2024,2709,313272064.961,510710000.0,0.0022134312500156,6810.571709694348,0.06,importer_default_lower_middle_income,True
India,Brunei Darussalam,2024,2709,232219776.677,350550000.0,0.0016407543731437,4256.400262948856,0.06,importer_default_lower_middle_income,True
India,Ghana,2024,2709,224353973.897,386697000.0,0.0015851783559144,8660.644110265655,0.06,importer_default_lower_middle_income,True
India,Kazakhstan,2024,2709,175567422.577,265266000.0,0.0012404758134594,3234.9429789117607,0.06,importer_default_lower_middle_income,True
India,Egypt,2024,2709,152065985.191,297487000.0,0.0010744258468372,4923.561187932585,0.06,importer_default_lower_middle_income,True
India,Ecuador,2024,2709,110557079.085,184649000.0,0.0007811436802948,16774.616655763384,0.06,importer_default_lower_middle_income,True
India,Congo,2024,2709,88551330.702,122893000.0,0.0006256615400121,7234.774803058369,0.06,importer_default_lower_middle_income,True
India,Libya,2024,2709,84799829.431,138982000.0,0.0005991552182667,6271.893116607152,0.06,importer_default_lower_middle_income,True
India,Singapore,2024,2709,77583435.729,135101000.0,0.0005481676163737,3443.64569608301,0.06,importer_default_lower_middle_income,True
India,Rep. of Korea,2024,2709,56769172.874,94508000.0,0.0004011039455193,5016.706843199344,0.06,importer_default_lower_middle_income,True
India,Equatorial Guinea,2024,2709,19122475.648,28695000.0,0.0001351103079753,7728.73263341792,0.06,importer_default_lower_middle_income,True
India,Australia,2024,2709,213.117,22.0,1.505783248718025e-09,7813.452364407084,0.06,importer_default_lower_middle_income,True
India,Senegal,2024,2709,107.1,23.0,7.567176055298288e-10,9790.489744056516,0.06,importer_default_lower_middle_income,True
Indonesia,Nigeria,2024,2709,2896901503.0,4751656046.0,0.2798134072607499,11695.249198816951,0.04,importer_default_upper_middle_income,True
Indonesia,Saudi Arabia,2024,2709,2053001047.0,3428428989.0,0.1983005695830718,7902.594474211165,0.04,importer_default_upper_middle_income,True
Indonesia,Angola,2024,2709,1713004741.0,2946861474.0,0.1654601279113729,10649.92157361649,0.04,importer_default_upper_middle_income,True
Indonesia,Gabon,2024,2709,1037652306.0,1706102258.0,0.1002274419731399,11375.035520802116,0.04,importer_default_upper_middle_income,True
Indonesia,Australia,2024,2709,754371370.0,1067617264.0,0.0728651709977244,3457.432560018586,0.04,importer_default_upper_middle_income,True
Indonesia,USA,2024,2709,430868364.0,668466806.0,0.0416178268011016,14961.813243412777,0.04,importer_default_upper_middle_income,True
Indonesia,Algeria,2024,2709,383269196.0,612887180.0,0.0370201953776431,12223.382307381216,0.04,importer_default_upper_middle_income,True
Indonesia,Brunei Darussalam,2024,2709,315856553.0,494941667.0,0.0305087688376837,598.8079857457986,0.04,importer_default_upper_middle_income,True
Indonesia,Azerbaijan,2024,2709,196068568.0,317038772.0,0.0189383774394817,8080.960886221167,0.04,importer_default_upper_middle_income,True
Indonesia,Equatorial Guinea,2024,2709,171700647.0,235148071.0,0.0165846657251519,11527.54498683126,0.04,importer_default_upper_middle_income,True
Indonesia,Malaysia,2024,2709,122005613.0,206942306.0,0.0117845933812774,1438.995386796878,0.04,importer_default_upper_middle_income,True
Indonesia,Brazil,2024,2709,78729593.0,128185491.0,0.007604537346806,17730.560018363292,0.04,importer_default_upper_middle_income,True
Indonesia,United Arab Emirates,2024,2709,74475644.0,121772629.0,0.0071936459296243,7017.688431086222,0.04,importer_default_upper_middle_income,True
Indonesia,Papua New Guinea,2024,2709,58599407.0,78277370.0,0.0056601509299328,3387.950282103259,0.04,importer_default_upper_middle_income,True
Indonesia,Norway,2024,2709,54835663.0,75173323.0,0.0052966086998617,10923.579681586363,0.04,importer_default_upper_middle_income,True
Indonesia,New Zealand,2024,2709,11630794.0,16683556.0,0.0011234251820152,7552.821712073141,0.04,importer_default_upper_middle_income,True
Indonesia,Singapore,2024,2709,1781.0,29.0,1.7202782967087844e-07,1148.119486959817,0.04,importer_default_upper_middle_income,True
Indonesia,Japan,2024,2709,1285.0,0.0,1.241189001275007e-07,4821.623559641458,0.04,importer_default_upper_middle_income,True
Indonesia,Italy,2024,2709,882.0,0.0,8.519289487350631e-08,11004.05544726418,0.04,importer_default_upper_middle_income,True
Indonesia,Canada,2024,2709,593.0,15.0,5.7278216167788275e-08,12886.323123106642,0.04,importer_default_upper_middle_income,True
Indonesia,Germany,2024,2709,340.0,0.0,3.2840798477315365e-08,11010.539112855397,0.04,importer_default_upper_middle_income,True
Indonesia,Taiwan,2024,2709,110.0,0.0,1.0624964213249089e-08,2827.0518431012893,0.04,importer_default_upper_middle_income,True
Indonesia,India,2024,2709,47.0,9.0,4.539757436570064e-09,4484.996549449749,0.04,importer_default_upper_middle_income,True
Ireland,USA,2024,2709,1180075555.317,1823840000.0,0.9464218704376368,6678.6097360918675,0.02,importer_default_high_income,True
Ireland,Azerbaijan,2024,2709,63343947.091,86042700.0,0.0508019140102115,4337.288396222041,0.02,importer_default_high_income,True
Ireland,France,2024,2709,3004429.468,0.0,0.0024095556796265,1046.4845116049516,0.0,eu_eea_uk_ch_zone,True
Ireland,United Kingdom,2024,2709,453188.369,365410.0,0.0003634575616087,371.6537427451851,0.0,eu_eea_uk_ch_zone,True
Ireland,Germany,2024,2709,3983.16,397.0,3.1944986238103385e-06,1253.6215139899828,0.0,eu_eea_uk_ch_zone,True
Ireland,India,2024,2709,9.741,2.0,7.812292525165072e-09,7971.292736529241,0.02,importer_default_high_income,True
Israel,"Areas, nes",2024,2709,7038699000.0,11504612339.22,1.0,,0.02,importer_default_high_income,True
Italy,Libya,2024,2709,7056786597.155,11343397399.0,0.210226059200384,1779.3495761662828,0.02,importer_default_high_income,True
Italy,Azerbaijan,2024,2709,5574975384.24,8625207416.0,0.1660819820795523,2923.5595487964415,0.02,importer_default_high_income,True
Italy,Kazakhstan,2024,2709,5384865531.478,8766708557.0,0.1604184913942263,4241.786577384638,0.02,importer_default_high_income,True
Italy,USA,2024,2709,2903129731.891,4604496887.0,0.0864860392871969,8619.062718679941,0.02,importer_default_high_income,True
Italy,Iraq,2024,2709,2499228999.87,4400371741.0,0.0744535854171653,2887.671012986116,0.02,importer_default_high_income,True
Italy,Nigeria,2024,2709,2292012188.881,3614598866.0,0.0682804678126382,3665.9727900186863,0.02,importer_default_high_income,True
Italy,Saudi Arabia,2024,2709,2154564402.501,3573946820.0,0.0641858128193679,3601.5301425048556,0.02,importer_default_high_income,True
Italy,Norway,2024,2709,883353184.19,1481597817.0,0.0263156404459279,2086.9019858813695,0.02,importer_default_high_income,True
Italy,Algeria,2024,2709,648150995.62,1018475189.0,0.0193088210476609,1828.397800087023,0.02,importer_default_high_income,True
Italy,Angola,2024,2709,514660500.44,915504603.0,0.0153320562190754,5926.538816393328,0.02,importer_default_high_income,True
Italy,United Kingdom,2024,2709,369227459.793,594231952.0,0.0109995155375882,1898.0590814188376,0.0,eu_eea_uk_ch_zone,True
Italy,Mexico,2024,2709,368302919.628,652471836.0,0.0109719729113822,10147.779543877,0.02,importer_default_high_income,True
Italy,Brazil,2024,2709,351476455.968,604025651.0,0.0104707020996864,9069.62750009916,0.02,importer_default_high_income,True
Italy,Cameroon,2024,2709,333091368.774,570780531.0,0.0099229989240783,3836.526832184125,0.02,importer_default_high_income,True
Italy,Ghana,2024,2709,315267185.206,509614522.0,0.0093920054161444,4001.955557793014,0.02,importer_default_high_income,True
Italy,Gabon,2024,2709,301797097.843,495410771.0,0.0089907231406466,4746.288323736066,0.02,importer_default_high_income,True
Italy,Sudan,2024,2709,282261537.635,488000797.0,0.0084087466588219,3649.520051015901,0.02,importer_default_high_income,True
Italy,Equatorial Guinea,2024,2709,251243348.406,407521715.0,0.0074846955209041,4478.292588558937,0.02,importer_default_high_income,True
Italy,Guyana,2024,2709,185268914.813,328644361.0,0.005519276134717,8119.635048023472,0.02,importer_default_high_income,True
Italy,Venezuela,2024,2709,169725925.995,352086246.0,0.0050562408363673,8634.32486499854,0.02,importer_default_high_income,True
Italy,Congo,2024,2709,144212066.781,265370406.0,0.0042961671110665,4692.737005431071,0.02,importer_default_high_income,True
Italy,Côte d'Ivoire,2024,2709,121347798.083,186896160.0,0.0036150263342124,4213.116022219722,0.02,importer_default_high_income,True
Italy,Tunisia,2024,2709,121298094.09,193096004.0,0.0036135456213652,926.681288493706,0.02,importer_default_high_income,True
Italy,United Arab Emirates,2024,2709,90054152.769,134940386.0,0.0026827691883,4319.703314720157,0.02,importer_default_high_income,True
Italy,Malaysia,2024,2709,82106175.685,137824674.0,0.002445994010536,9646.280502311582,0.02,importer_default_high_income,True
Italy,Senegal,2024,2709,38008417.634,69096679.0,0.0011322943872016,3999.618902692819,0.02,importer_default_high_income,True
Italy,Spain,2024,2709,37857182.024,46428354.0,0.0011277889843722,1372.634159115681,0.0,eu_eea_uk_ch_zone,True
Italy,Egypt,2024,2709,35359060.911,64774322.0,0.0010533684035935,2357.378456938893,0.02,importer_default_high_income,True
Italy,Colombia,2024,2709,24067066.148,53558754.0,0.0007169728605437,9409.127729306172,0.02,importer_default_high_income,True
Italy,Germany,2024,2709,14273644.451,13702010.0,0.0004252207406372,1045.9081182755865,0.0,eu_eea_uk_ch_zone,True
Italy,Albania,2024,2709,10445901.204,21533312.0,0.0003111898899987,637.6883921375975,0.02,importer_default_high_income,True
Italy,Croatia,2024,2709,4002251.119,4982332.0,0.0001192295486187,417.0195651804739,0.0,eu_eea_uk_ch_zone,True
Italy,Austria,2024,2709,3305139.655,2548700.0,9.846216478442064e-05,646.8280352835112,0.0,eu_eea_uk_ch_zone,True
Italy,"Other Europe, nes",2024,2709,954287.227,2091342.0,2.8428809673563353e-05,,0.02,importer_default_high_income,True
Italy,France,2024,2709,930090.612,914114.0,2.7707977472191463e-05,957.663694990872,0.0,eu_eea_uk_ch_zone,True
Italy,Luxembourg,2024,2709,35.719,33.0,1.0640912127916488e-09,1013.4264858939564,0.0,eu_eea_uk_ch_zone,True
Jamaica,Brazil,2024,2709,301410720.6,511183944.2,0.5891784562467939,4546.621606063913,0.04,importer_default_upper_middle_income,True
Jamaica,Colombia,2024,2709,201235078.13,344537822.4,0.3933614983545357,1540.3780795604548,0.04,importer_default_upper_middle_income,True
Jamaica,Barbados,2024,2709,8930299.08,16726742.53,0.0174563791735832,1976.7761374557017,0.04,importer_default_upper_middle_income,True
Jamaica,Spain,2024,2709,1707.0,86.0,3.3367347478922985e-06,7340.39643735543,0.04,importer_default_upper_middle_income,True
Jamaica,USA,2024,2709,168.56,125.0,3.2949033925291497e-07,2772.38931966584,0.04,importer_default_upper_middle_income,True
Japan,United Arab Emirates,2024,2709,31447434112.361,49478700000.0,0.4379141520955325,8019.551497478222,0.02,importer_default_high_income,True
Japan,Saudi Arabia,2024,2709,28747349248.979,46433650000.0,0.4003147292202289,8735.572980394669,0.02,importer_default_high_income,True
Japan,Kuwait,2024,2709,4864837669.835,8086066000.0,0.0677441999133027,8201.472910362138,0.02,importer_default_high_income,True
Japan,Qatar,2024,2709,2868361947.893,4678046000.0,0.039942727467896,8131.525805327001,0.02,importer_default_high_income,True
Japan,USA,2024,2709,1866573960.694,2826155100.0,0.0259925547629852,10150.44257350072,0.02,importer_default_high_income,True
Japan,Ecuador,2024,2709,907491256.37,1743501300.0,0.0126370648443833,14665.625864750207,0.02,importer_default_high_income,True
Japan,Oman,2024,2709,373214341.78,600939400.0,0.0051971121537778,7951.605188954542,0.02,importer_default_high_income,True
Japan,Australia,2024,2709,262244065.605,367278500.0,0.0036518205975462,6852.313321902409,0.02,importer_default_high_income,True
Japan,Viet Nam,2024,2709,154279438.481,227011300.0,0.0021483835293775,3865.42859289672,0.02,importer_default_high_income,True
Japan,Brunei Darussalam,2024,2709,117147853.025,190416600.0,0.0016313160095656,4264.337901655565,0.02,importer_default_high_income,True
Japan,Indonesia,2024,2709,113984718.465,166250800.0,0.0015872684925613,4821.623559641458,0.02,importer_default_high_income,True
Japan,Mexico,2024,2709,61938202.267,107694000.0,0.0008625064681322,10798.135981938793,0.02,importer_default_high_income,True
Japan,Canada,2024,2709,17897562.781,38984300.0,0.0002492284744699,8082.711742931965,0.02,importer_default_high_income,True
Japan,South Sudan,2024,2709,9115509.379,13925400.0,0.0001269359702404,11049.191358111226,0.02,importer_default_high_income,True
Jordan,Saudi Arabia,2024,2709,833658034.119,1334940000.0,0.7811235409666719,1147.6163861416408,0.04,importer_default_upper_middle_income,True
Jordan,Iraq,2024,2709,233597003.525,480996000.0,0.2188764590333281,760.9373041316197,0.04,importer_default_upper_middle_income,True
Kazakhstan,Netherlands,2024,2709,2217.88,0.0,0.5242917659518137,4288.024087341993,0.04,importer_default_upper_middle_income,True
Kazakhstan,Kuwait,2024,2709,1912.36,0.0,0.452068913347706,2662.9711133142555,0.04,importer_default_upper_middle_income,True
Kazakhstan,United Arab Emirates,2024,2709,100.0,0.0,0.0236393207004803,2969.137714094942,0.04,importer_default_upper_middle_income,True
Kenya,China,2024,2709,581.91,58.0,0.6733144575566938,7894.28521638021,0.06,importer_default_lower_middle_income,True
Kenya,Sweden,2024,2709,282.337,13.0,0.3266855424433061,6891.568793114278,0.06,importer_default_lower_middle_income,True
Kyrgyzstan,Kazakhstan,2024,2709,166427.0,462298.0,1.0,978.5587593696348,0.06,importer_default_lower_middle_income,True
Latvia,Poland,2024,2709,1328.705,1505.0,0.8521507634823956,654.5472591203296,0.0,eu_eea_uk_ch_zone,True
Latvia,Estonia,2024,2709,230.532,162.0,0.1478492365176044,192.3250557675104,0.0,eu_eea_uk_ch_zone,True
Lesotho,South Africa,2024,2709,19448.079,18171.9,1.0,520.3325177403468,0.06,importer_default_lower_middle_income,True
Lithuania,Saudi Arabia,2024,2709,2244803212.0,3709770000.0,0.4107162646371713,3890.4848098532616,0.02,importer_default_high_income,True
Lithuania,Norway,2024,2709,1557092112.0,2538470000.0,0.2848904761530803,1082.591205143221,0.02,importer_default_high_income,True
Lithuania,Algeria,2024,2709,620703853.0,963858000.0,0.1135659315646328,3504.51089814624,0.02,importer_default_high_income,True
Lithuania,United Kingdom,2024,2709,609557525.0,935075000.0,0.1115265642935471,1719.3750053323747,0.0,eu_eea_uk_ch_zone,True
Lithuania,USA,2024,2709,432950778.0,656063000.0,0.0792140377211457,8265.572890746455,0.02,importer_default_high_income,True
Lithuania,Latvia,2024,2709,474006.0,1476780.0,8.672563042270229e-05,195.38194381232276,0.0,eu_eea_uk_ch_zone,True
Luxembourg,Netherlands,2024,2709,5979.578,437.286,0.5042976274411246,264.26746848277185,0.0,eu_eea_uk_ch_zone,True
Luxembourg,Germany,2024,2709,4893.518,1347.42,0.4127029561685519,340.5535715430036,0.0,eu_eea_uk_ch_zone,True
Luxembourg,Belgium,2024,2709,709.122,135.0,0.0598049799110079,140.8552445246133,0.0,eu_eea_uk_ch_zone,True
Luxembourg,France,2024,2709,229.075,43.05,0.0193194200336671,493.7800802720042,0.0,eu_eea_uk_ch_zone,True
Luxembourg,"Other Europe, nes",2024,2709,45.947,2.54,0.0038750164456483,,0.02,importer_default_high_income,True
Malawi,China,2024,2709,2551.426,71000.0,0.831224452097571,9132.877823159484,0.08,importer_default_low_income,True
Malawi,United Arab Emirates,2024,2709,518.053,48000.0,0.168775547902429,4599.430334808668,0.08,importer_default_low_income,True
Malaysia,Saudi Arabia,2024,2709,5630827027.312,9307595000.0,0.4056662088728845,6465.534455865228,0.04,importer_default_upper_middle_income,True
Malaysia,United Arab Emirates,2024,2709,2998263199.623,4544356000.0,0.2160062917036135,5582.934100019871,0.04,importer_default_upper_middle_income,True
Malaysia,USA,2024,2709,809902628.464,1151248417.0,0.0583484676853971,15070.493977892336,0.04,importer_default_upper_middle_income,True
Malaysia,Qatar,2024,2709,654296559.68,1042099000.0,0.0471380142839627,5898.66816666491,0.04,importer_default_upper_middle_income,True
Malaysia,Gabon,2024,2709,564120039.838,853004400.0,0.0406413546003642,10054.732638437314,0.04,importer_default_upper_middle_income,True
Malaysia,Cameroon,2024,2709,549298642.292,910317500.0,0.0395735647138129,9905.867697158908,0.04,importer_default_upper_middle_income,True
Malaysia,Brazil,2024,2709,483868042.968,814789400.0,0.0348596953224601,16945.603156285266,0.04,importer_default_upper_middle_income,True
Malaysia,Angola,2024,2709,407381332.022,666419000.0,0.0293493015724621,9457.26358109072,0.04,importer_default_upper_middle_income,True
Malaysia,Sudan,2024,2709,314344298.708,505839100.0,0.0226465596117865,7927.654308541151,0.04,importer_default_upper_middle_income,True
Malaysia,Thailand,2024,2709,284953045.429,444742600.0,0.0205291018682112,1300.92308506684,0.04,importer_default_upper_middle_income,True
Malaysia,Congo,2024,2709,178620761.592,238585100.0,0.012868519460738,9582.258350640108,0.04,importer_default_upper_middle_income,True
Malaysia,Kuwait,2024,2709,170772202.878,286184600.0,0.0123030794209034,6365.665642373193,0.04,importer_default_upper_middle_income,True
Malaysia,Chad,2024,2709,144162724.807,268389000.0,0.0103860313502043,9159.91338166096,0.04,importer_default_upper_middle_income,True
Malaysia,Libya,2024,2709,133985197.745,216778400.0,0.0096528035669823,9277.142547486412,0.04,importer_default_upper_middle_income,True
Malaysia,Indonesia,2024,2709,104489298.878,157902200.0,0.0075278067569869,1438.995386796878,0.04,importer_default_upper_middle_income,True
Malaysia,Argentina,2024,2709,96074361.76,149373000.0,0.0069215626614029,15941.437459310524,0.04,importer_default_upper_middle_income,True
Malaysia,Oman,2024,2709,83878153.981,135525320.0,0.0060429014366246,5316.430234543425,0.04,importer_default_upper_middle_income,True
Malaysia,Brunei Darussalam,2024,2709,70906918.825,99400117.0,0.0051084042900047,1414.261089077302,0.04,importer_default_upper_middle_income,True
Malaysia,Russian Federation,2024,2709,48478898.633,93421900.0,0.0034926043587188,6379.093603040341,0.04,importer_default_upper_middle_income,True
Malaysia,Viet Nam,2024,2709,39426618.157,53130500.0,0.0028404436220205,1294.7518780910798,0.04,importer_default_upper_middle_income,True
Malaysia,Australia,2024,2709,35605820.161,48943284.0,0.0025651787931794,4746.097563385465,0.04,importer_default_upper_middle_income,True
Malaysia,Nigeria,2024,2709,33078929.111,51837300.0,0.0023831319450848,10295.025258296571,0.04,importer_default_upper_middle_income,True
Malaysia,United Kingdom,2024,2709,16333047.893,31142300.0,0.0011766949305945,10582.757396423933,0.04,importer_default_upper_middle_income,True
Malaysia,Niger,2024,2709,13907848.38,31554000.0,0.0010019743278434,10277.412340720375,0.04,importer_default_upper_middle_income,True
Malaysia,Iraq,2024,2709,13465086.691,20095100.0,0.0009700760907035,6827.5718942314315,0.04,importer_default_upper_middle_income,True
Malaysia,China,2024,2709,3147.433,100.0,2.2675305183383018e-07,3526.8084073085706,0.04,importer_default_upper_middle_income,True
Maldives,Spain,2024,2709,2587.758,418.0,1.0,8675.715846786228,0.04,importer_default_upper_middle_income,True
Malta,Netherlands,2024,2709,127.721,0.0,0.450381544798014,1938.1187715750136,0.0,eu_eea_uk_ch_zone,True
Malta,USA,2024,2709,88.755,9.0,0.3129760494245091,9163.375918565596,0.02,importer_default_high_income,True
Malta,Japan,2024,2709,67.108,1.0,0.2366424057774769,10119.08216242875,0.02,importer_default_high_income,True
Montserrat,Antigua and Barbuda,2024,2709,154.074,5.0,0.8642539012980021,54.61847976464948,0.02,importer_default_high_income,True
Montserrat,Curaçao,2024,2709,24.2,1.0,0.135746098701998,891.4486742813772,0.02,importer_default_high_income,True
Morocco,"Areas, nes",2024,2709,346.133,0.0,1.0,,0.06,importer_default_lower_middle_income,True
Mozambique,South Africa,2024,2709,113974.2,23054.0,0.8229600051988187,1832.7242947417983,0.08,importer_default_low_income,True
Mozambique,United Arab Emirates,2024,2709,18423.0,20997.0,0.133024773815283,5084.923355470969,0.08,importer_default_low_income,True
Mozambique,Portugal,2024,2709,3160.4,850.0,0.0228199259168333,7894.240820632364,0.08,importer_default_low_income,True
Mozambique,Germany,2024,2709,2076.9,0.0,0.0149964258121349,8141.146283798548,0.08,importer_default_low_income,True
Mozambique,France,2024,2709,613.0,0.0,0.0044262164874759,7955.223030244556,0.08,importer_default_low_income,True
Mozambique,Namibia,2024,2709,217.1,51.0,0.0015675882535579,1832.848401742637,0.08,importer_default_low_income,True
Mozambique,Eswatini,2024,2709,28.4,20.0,0.0002050645158961,967.913162362398,0.08,importer_default_low_income,True
Namibia,South Africa,2024,2709,9750.799,6007.05,0.8956874209678033,953.3903813606926,0.04,importer_default_upper_middle_income,True
Namibia,Canada,2024,2709,961.66,0.0,0.0883360189506416,14243.81151875727,0.04,importer_default_upper_middle_income,True
Namibia,Italy,2024,2709,169.777,0.0,0.0155953500087173,7234.454278545233,0.04,importer_default_upper_middle_income,True
Namibia,India,2024,2709,4.15,1.0,0.0003812100728377,8148.924960168459,0.04,importer_default_upper_middle_income,True
Netherlands,USA,2024,2709,11998928513.66,18525807000.0,0.2447745421531627,7506.093748377444,0.02,importer_default_high_income,True
Netherlands,Norway,2024,2709,4966714908.928,7978847000.0,0.1013194941910116,947.5121248998348,0.02,importer_default_high_income,True
Netherlands,Kazakhstan,2024,2709,4765124647.108,7419750000.0,0.0972071133243908,4288.024087341993,0.02,importer_default_high_income,True
Netherlands,Iraq,2024,2709,4159113883.347,7172630572.0,0.0848446755391655,3711.853212786524,0.02,importer_default_high_income,True
Netherlands,Brazil,2024,2709,3870197057.776,6465210746.0,0.0789508589688795,9189.5299338811,0.02,importer_default_high_income,True
Netherlands,United Kingdom,2024,2709,3506479907.067,5804312000.0,0.0715311382049217,677.0784537060583,0.0,eu_eea_uk_ch_zone,True
Netherlands,Guyana,2024,2709,2931939867.146,4841960000.0,0.0598106937452167,7845.5016785980015,0.02,importer_default_high_income,True
Netherlands,Saudi Arabia,2024,2709,2533390662.243,4002790070.0,0.0516804095248732,4595.479345080955,0.02,importer_default_high_income,True
Netherlands,Nigeria,2024,2709,2017233927.763,3176615700.0,0.0411509669819177,4796.863992417654,0.02,importer_default_high_income,True
Netherlands,Canada,2024,2709,1018135674.712,1825610000.0,0.0207696623364092,6453.743494450375,0.02,importer_default_high_income,True
Netherlands,Libya,2024,2709,929749987.61,1497630000.0,0.0189666208341071,3038.0607990634594,0.02,importer_default_high_income,True
Netherlands,Belgium,2024,2709,906802634.306,1344100180.0,0.0184985017106188,189.88333415880027,0.0,eu_eea_uk_ch_zone,True
Netherlands,Algeria,2024,2709,844531442.066,1346470000.0,0.0172281880694862,2696.5801928343235,0.02,importer_default_high_income,True
Netherlands,Russian Federation,2024,2709,674358844.714,1163950000.0,0.0137567181331139,5558.269221882743,0.02,importer_default_high_income,True
Netherlands,Angola,2024,2709,650486517.211,1093030002.0,0.0132697298134465,7145.2527575127215,0.02,importer_default_high_income,True
Netherlands,Cameroon,2024,2709,510251974.568,828398000.0,0.0104089872121033,5019.070617601281,0.02,importer_default_high_income,True
Netherlands,Chad,2024,2709,488479631.844,792486000.0,0.0099648379519588,4248.274249101251,0.02,importer_default_high_income,True
Netherlands,Côte d'Ivoire,2024,2709,432867837.338,742656000.0,0.0088303740268654,5056.222500343777,0.02,importer_default_high_income,True
Netherlands,Israel,2024,2709,329264434.065,537254000.0,0.0067168956797957,3354.1577857938887,0.02,importer_default_high_income,True
Netherlands,Gabon,2024,2709,317944245.456,518630208.0,0.0064859672280843,5915.959725700436,0.02,importer_default_high_income,True
Netherlands,Colombia,2024,2709,283741078.122,582336000.0,0.0057882328749846,8896.62686951304,0.02,importer_default_high_income,True
Netherlands,Argentina,2024,2709,134162815.803,283593000.0,0.0027368811952477,12065.62648763888,0.02,importer_default_high_income,True
Netherlands,Denmark,2024,2709,100895145.57,171512800.0,0.0020582307023713,534.6008852522212,0.0,eu_eea_uk_ch_zone,True
Netherlands,"Other Europe, nes",2024,2709,90351913.468,151737300.0,0.0018431519303256,,0.02,importer_default_high_income,True
Netherlands,Congo,2024,2709,90246282.877,152862000.0,0.001840997097957,5905.089756557553,0.02,importer_default_high_income,True
Netherlands,Senegal,2024,2709,88936796.266,135687000.0,0.0018142839639219,4536.9177176824405,0.02,importer_default_high_income,True
Netherlands,Germany,2024,2709,88113378.579,174202800.0,0.0017974864901219,371.8069262888413,0.0,eu_eea_uk_ch_zone,True
Netherlands,Equatorial Guinea,2024,2709,77131164.351,139102000.0,0.0015734526143949,5632.399644477011,0.02,importer_default_high_income,True
Netherlands,Tunisia,2024,2709,45550758.569,70329781.0,0.000929221810161,2057.1010863334823,0.02,importer_default_high_income,True
Netherlands,United Arab Emirates,2024,2709,42938492.86,65386837.0,0.0008759323733438,5185.693759803716,0.02,importer_default_high_income,True
Netherlands,Ghana,2024,2709,42369131.514,71034002.0,0.0008643175726865,4946.8926489759515,0.02,importer_default_high_income,True
Netherlands,Cyprus,2024,2709,34591822.016,64215100.0,0.000705662792021,2917.957934965587,0.0,eu_eea_uk_ch_zone,True
Netherlands,Australia,2024,2709,32193988.864,49409300.0,0.0006567477150395,14793.048805839348,0.02,importer_default_high_income,True
Netherlands,Türkiye,2024,2709,15171899.006,25016577.0,0.0003095021883462,2724.3192941706097,0.02,importer_default_high_income,True
Netherlands,"Areas, nes",2024,2709,1705682.236,3095590.0,3.47954059314861e-05,,0.02,importer_default_high_income,True
Netherlands,France,2024,2709,128455.831,156356.0,2.6204604172892237e-06,693.5008606060287,0.0,eu_eea_uk_ch_zone,True
Netherlands,Spain,2024,2709,64967.722,75235.0,1.3253220393120984e-06,1469.1026176965977,0.0,eu_eea_uk_ch_zone,True
Netherlands,Qatar,2024,2709,26978.333,41224.0,5.503499000442232e-07,4848.462615262585,0.02,importer_default_high_income,True
Netherlands,Italy,2024,2709,2118.219,2330.0,4.3211032161319025e-08,1265.8312682253263,0.0,eu_eea_uk_ch_zone,True
Netherlands,Kuwait,2024,2709,2109.56,3296.0,4.3034391158908585e-08,4276.5015087059355,0.02,importer_default_high_income,True
Netherlands,Malaysia,2024,2709,1603.005,2506.0,3.27008211189472e-08,10092.267293705465,0.02,importer_default_high_income,True
Netherlands,South Africa,2024,2709,750.09,1140.0,1.5301610982567806e-08,9354.455283386998,0.02,importer_default_high_income,True
Netherlands,Rep. of Korea,2024,2709,629.945,634.0,1.2850689024535293e-08,8750.489807642938,0.02,importer_default_high_income,True
Netherlands,Togo,2024,2709,569.332,889.0,1.1614202007662136e-08,4855.466923686763,0.02,importer_default_high_income,True
Netherlands,Singapore,2024,2709,501.142,771.0,1.0223146463792336e-08,10469.077319330523,0.02,importer_default_high_income,True
Netherlands,India,2024,2709,462.176,724.0,9.428251753095303e-09,7110.443989033065,0.02,importer_default_high_income,True
Netherlands,Philippines,2024,2709,423.211,440.0,8.633377442098285e-09,10587.28290700802,0.02,importer_default_high_income,True
Netherlands,Curaçao,2024,2709,387.492,597.0,7.90472055734267e-09,7871.852374843455,0.02,importer_default_high_income,True
Netherlands,Thailand,2024,2709,364.762,552.0,7.441035376052737e-09,9001.719109407488,0.02,importer_default_high_income,True
Netherlands,Namibia,2024,2709,339.867,389.0,6.933184844235187e-09,8447.895174474279,0.02,importer_default_high_income,True
Netherlands,Oman,2024,2709,235.959,359.0,4.8134928153097844e-09,5491.8389566415,0.02,importer_default_high_income,True
Netherlands,Slovenia,2024,2709,205.652,306.0,4.1952391070232024e-09,968.3563874771728,0.0,eu_eea_uk_ch_zone,True
Netherlands,Poland,2024,2709,143.957,215.0,2.936679614736249e-09,946.7147673323996,0.0,eu_eea_uk_ch_zone,True
Netherlands,Morocco,2024,2709,123.391,194.0,2.517139384273919e-09,2474.744040494464,0.02,importer_default_high_income,True
Netherlands,Czechia,2024,2709,102.826,104.0,2.0976195535116012e-09,757.1397595231088,0.0,eu_eea_uk_ch_zone,True
Netherlands,Aruba,2024,2709,81.179,127.0,1.656027247335482e-09,7907.973779159987,0.02,importer_default_high_income,True
Netherlands,Egypt,2024,2709,58.449,90.0,1.1923420660455483e-09,3527.644486648135,0.02,importer_default_high_income,True
Netherlands,Portugal,2024,2709,51.954,78.0,1.059846014462701e-09,1755.6036068771252,0.0,eu_eea_uk_ch_zone,True
Netherlands,Luxembourg,2024,2709,43.295,65.0,8.83205012052251e-10,264.26746848277185,0.0,eu_eea_uk_ch_zone,True
Netherlands,China,2024,2709,27.06,42.0,5.520158823451649e-10,7486.395446490654,0.02,importer_default_high_income,True
Netherlands,Liberia,2024,2709,6.494,10.0,1.3247565188283448e-10,5257.98324216716,0.02,importer_default_high_income,True
Netherlands,Chile,2024,2709,5.412,8.0,1.1040317646903298e-10,12263.9717608863,0.02,importer_default_high_income,True
Netherlands,Jordan,2024,2709,2.165,3.0,4.4165350527615744e-11,3475.1431269925706,0.02,importer_default_high_income,True
Netherlands,Austria,2024,2709,1.082,1.0,2.2072475413801494e-11,838.3523421190293,0.0,eu_eea_uk_ch_zone,True
Netherlands,"China, Hong Kong SAR",2024,2709,1.082,2.0,2.2072475413801494e-11,9266.38641404114,0.02,importer_default_high_income,True
New Zealand,China,2024,2709,58819.529,5000.0,0.6932443130734773,11167.189644340771,0.02,importer_default_high_income,True
New Zealand,India,2024,2709,21517.17,16000.0,0.2536003941129014,11970.890366206952,0.02,importer_default_high_income,True
New Zealand,Australia,2024,2709,4510.054,3000.0,0.0531552928136212,4157.620841162753,0.02,importer_default_high_income,True
Nicaragua,USA,2024,2709,519260107.8,684455731.033,0.9999654680178324,2889.4336613065934,0.06,importer_default_lower_middle_income,True
Nicaragua,Guatemala,2024,2709,17931.7,18878.7,3.4531982167522414e-05,630.9761621872843,0.06,importer_default_lower_middle_income,True
Norway,USA,2024,2709,384595390.268,601565403.0,0.5324573280208033,7186.805775647553,0.02,importer_default_high_income,True
Norway,Nigeria,2024,2709,246293148.21,400109000.0,0.3409832642932739,5714.333026010138,0.02,importer_default_high_income,True
Norway,United Kingdom,2024,2709,66911605.781,94557000.0,0.0926365102891795,900.4937074053095,0.02,importer_default_high_income,True
Norway,Libya,2024,2709,24502601.949,41944000.0,0.0339228973967434,3853.947914866166,0.02,importer_default_high_income,True
Oman,Kuwait,2024,2709,4003426209.599,2988349699.0,0.987303290907889,1218.784496840977,0.02,importer_default_high_income,True
Oman,United Arab Emirates,2024,2709,27380660.555,72321182.0,0.0067524702237214,307.96845909861827,0.02,importer_default_high_income,True
Oman,Indonesia,2024,2709,24090673.564,40741306.0,0.0059411114492122,6753.850247107399,0.02,importer_default_high_income,True
Oman,South Africa,2024,2709,7035.111,436.0,1.734960975563481e-06,6776.83608750801,0.02,importer_default_high_income,True
Oman,Qatar,2024,2709,4600.78,214.0,1.1346194476750902e-06,652.02654462682,0.02,importer_default_high_income,True
Oman,Türkiye,2024,2709,1024.707,0.0,2.5270769094996913e-07,2770.7199350789488,0.02,importer_default_high_income,True
Oman,Iran,2024,2709,10.403,8.0,2.565531521647191e-09,1238.8815858002022,0.02,importer_default_high_income,True
Oman,Norway,2024,2709,10.403,5.0,2.565531521647191e-09,5678.997409463582,0.02,importer_default_high_income,True
Pakistan,Saudi Arabia,2024,2709,3215739384.833,5542066000.0,0.5734199260516142,2501.5942475375255,0.06,importer_default_lower_middle_income,True
Pakistan,United Arab Emirates,2024,2709,2368275709.805,4166332000.0,0.4223030289056653,1717.84272480012,0.06,importer_default_lower_middle_income,True
Pakistan,USA,2024,2709,15517807.198,29821000.0,0.0027670836442557,12353.5741507944,0.06,importer_default_lower_middle_income,True
Pakistan,Sao Tome and Principe,2024,2709,6308474.576,4944000.0,0.0011249061543761,7407.259362077085,0.06,importer_default_lower_middle_income,True
Pakistan,Kuwait,2024,2709,2159390.104,5082000.0,0.0003850552440886,2108.75321538888,0.06,importer_default_lower_middle_income,True
Paraguay,Brazil,2024,2709,236.55,8.2,1.0,1231.8246508910588,0.04,importer_default_upper_middle_income,True
Peru,Ecuador,2024,2709,1140450515.533,2092947700.0,0.2905304182775818,890.1345548980169,0.04,importer_default_upper_middle_income,True
Peru,USA,2024,2709,892110956.706,1381112847.1,0.2272657742459568,5580.333211082557,0.04,importer_default_upper_middle_income,True
Peru,Nigeria,2024,2709,724680028.44,1114653000.0,0.1846126499243017,9485.053945420805,0.04,importer_default_upper_middle_income,True
Peru,Brazil,2024,2709,509717083.99,866019900.0,0.1298507174119988,2574.255815634024,0.04,importer_default_upper_middle_income,True
Peru,Argentina,2024,2709,363343470.5,552153700.0,0.0925619560209131,3443.615194805868,0.04,importer_default_upper_middle_income,True
Peru,Trinidad and Tobago,2024,2709,207096463.19,299161500.0,0.0527579419316396,2686.1722462104203,0.04,importer_default_upper_middle_income,True
Peru,Colombia,2024,2709,56544514.86,107941100.0,0.0144047473606524,1532.209701353271,0.04,importer_default_upper_middle_income,True
Peru,Mexico,2024,2709,31454032.86,56725300.0,0.0080129327830254,4720.121615181313,0.04,importer_default_upper_middle_income,True
Peru,France,2024,2709,8737.967,1401.75,2.226002069207929e-06,9780.444048396905,0.04,importer_default_upper_middle_income,True
Peru,Spain,2024,2709,1726.042,306.39,4.397101824188386e-07,9128.275165780991,0.04,importer_default_upper_middle_income,True
Peru,Canada,2024,2709,625.625,50.16,1.5937832502093574e-07,7815.507973714338,0.04,importer_default_upper_middle_income,True
Peru,Japan,2024,2709,145.057,0.0,3.6953353354744244e-08,15511.088298394954,0.04,importer_default_upper_middle_income,True
Philippines,Saudi Arabia,2024,2709,1793784549.0,3193363370.0,0.483483118774531,8097.1044567905965,0.06,importer_default_lower_middle_income,True
Philippines,United Arab Emirates,2024,2709,1218774271.0,2055088000.0,0.3284991979408757,7212.562476939523,0.06,importer_default_lower_middle_income,True
Philippines,Iraq,2024,2709,474437193.0,871047331.0,0.1278762122586853,8130.612128238349,0.06,importer_default_lower_middle_income,True
Philippines,Colombia,2024,2709,65460896.0,119868544.0,0.0176438347478793,17385.092767638806,0.06,importer_default_lower_middle_income,True
Philippines,Japan,2024,2709,63225700.0,91720479.0,0.0170413769255311,3072.294027434351,0.06,importer_default_lower_middle_income,True
Philippines,Qatar,2024,2709,43977440.0,69080000.0,0.0118533465230108,7467.502976652734,0.06,importer_default_lower_middle_income,True
Philippines,Malaysia,2024,2709,25386453.0,41743470.0,0.0068424725131596,2378.6401334138186,0.06,importer_default_lower_middle_income,True
Philippines,Brunei Darussalam,2024,2709,25082103.0,41512000.0,0.0067604403163269,1208.1325873160345,0.06,importer_default_lower_middle_income,True
Poland,Saudi Arabia,2024,2709,8040949127.0,13375532000.0,0.5292617918643715,3816.42689371848,0.02,importer_default_high_income,True
Poland,Norway,2024,2709,4588556566.0,7615947000.0,0.3020225139887503,1154.7871270114583,0.02,importer_default_high_income,True
Poland,USA,2024,2709,1106370000.0,1679911200.0,0.0728221705443684,8279.737932917335,0.02,importer_default_high_income,True
Poland,United Kingdom,2024,2709,442798072.0,655156600.0,0.0291453281595682,1529.680627785399,0.0,eu_eea_uk_ch_zone,True
Poland,Nigeria,2024,2709,408273400.0,634730000.0,0.026872886252817,4857.566605271158,0.02,importer_default_high_income,True
Poland,Guyana,2024,2709,377879328.0,654172000.0,0.0248723237875279,8765.788453747738,0.02,importer_default_high_income,True
Poland,Kazakhstan,2024,2709,157319928.0,235100900.0,0.0103549252301162,3382.141070189257,0.02,importer_default_high_income,True
Poland,Algeria,2024,2709,64754728.0,108086000.0,0.0042622087059213,3027.4995793417397,0.02,importer_default_high_income,True
Poland,Venezuela,2024,2709,5860742.0,18426800.0,0.000385758790857,9153.503514317494,0.02,importer_default_high_income,True
Poland,Switzerland,2024,2709,1403.0,120.0,9.234659767866893e-08,971.3392009218288,0.0,eu_eea_uk_ch_zone,True
Poland,Côte d'Ivoire,2024,2709,5.0,31.0,3.291040544499962e-10,5425.227940615165,0.02,importer_default_high_income,True
Portugal,Brazil,2024,2709,2650947959.538,4670402323.0,0.413282464106473,7486.764972412436,0.02,importer_default_high_income,True
Portugal,Algeria,2024,2709,1121057619.668,1787361597.0,0.1747727464036952,1557.5553913875815,0.02,importer_default_high_income,True
Portugal,Azerbaijan,2024,2709,723161293.153,1132703788.0,0.1127407575487757,4688.449997135189,0.02,importer_default_high_income,True
Portugal,USA,2024,2709,707317753.234,1141673921.0,0.1102707516045493,7317.493942355289,0.02,importer_default_high_income,True
Portugal,Nigeria,2024,2709,556211416.036,894038673.0,0.0867132920344351,3766.387311230585,0.02,importer_default_high_income,True
Portugal,Norway,2024,2709,366752039.638,576509434.0,0.057176598322995,2612.7881572895803,0.02,importer_default_high_income,True
Portugal,Ghana,2024,2709,151503284.823,260618974.0,0.0236193436565184,3570.483834479776,0.02,importer_default_high_income,True
Portugal,Angola,2024,2709,73678440.586,129329643.0,0.0114864599161015,6240.618462641177,0.02,importer_default_high_income,True
Portugal,Libya,2024,2709,63441500.316,94708534.0,0.0098905221744818,2770.9743792062286,0.02,importer_default_high_income,True
Portugal,Spain,2024,2709,178423.772,6904.0,2.781624432951246e-05,399.4471110348349,0.0,eu_eea_uk_ch_zone,True
Portugal,Italy,2024,2709,123463.776,8000.0,1.9247987645167575e-05,1771.364992780885,0.0,eu_eea_uk_ch_zone,True
Qatar,Kuwait,2024,2709,633357315.815,1053899000.0,0.3551349094212773,572.0272287261353,0.02,importer_default_high_income,True
Qatar,Oman,2024,2709,364879700.639,502442200.0,0.2045946517083321,652.02654462682,0.02,importer_default_high_income,True
Qatar,Malaysia,2024,2709,191087863.584,318707000.0,0.1071464234025384,5898.66816666491,0.02,importer_default_high_income,True
Qatar,India,2024,2709,92949239.522,133312000.0,0.0521183207869725,2887.230784856977,0.02,importer_default_high_income,True
Qatar,Singapore,2024,2709,83846451.605,179654900.0,0.0470142228604726,6233.227825463483,0.02,importer_default_high_income,True
Qatar,Italy,2024,2709,76556951.81,130799000.0,0.0429268684007037,3974.969228049527,0.02,importer_default_high_income,True
Qatar,Spain,2024,2709,62970493.178,95668397.0,0.0353086951592334,5304.877961052627,0.02,importer_default_high_income,True
Qatar,Sweden,2024,2709,55430271.288,103251770.0,0.031080756283252,4597.2496078392105,0.02,importer_default_high_income,True
Qatar,Brazil,2024,2709,47982951.881,60500900.0,0.0269049095108295,11975.24867656236,0.02,importer_default_high_income,True
Qatar,Netherlands,2024,2709,36125116.335,49756100.0,0.0202560065181447,4848.462615262585,0.02,importer_default_high_income,True
Qatar,Portugal,2024,2709,30555268.04,44944600.0,0.0171328917765241,5688.463594355497,0.02,importer_default_high_income,True
Qatar,United Kingdom,2024,2709,29941422.378,52210600.0,0.0167886974045171,5502.312989918388,0.02,importer_default_high_income,True
Qatar,Ireland,2024,2709,17670845.369,44287800.0,0.0099083628037704,5724.103534787912,0.02,importer_default_high_income,True
Qatar,South Africa,2024,2709,16738169.602,22797900.0,0.0093853946217312,6906.356800883922,0.02,importer_default_high_income,True
Qatar,Kazakhstan,2024,2709,7422167.062,10623100.0,0.0041617433973761,2871.877413258905,0.02,importer_default_high_income,True
Qatar,Greece,2024,2709,7099583.861,10161400.0,0.0039808651584936,3134.9111629127333,0.02,importer_default_high_income,True
Qatar,Malta,2024,2709,6379370.973,11435500.0,0.0035770287578439,3687.441150952075,0.02,importer_default_high_income,True
Qatar,Germany,2024,2709,5997455.641,12976500.0,0.0033628819193221,4478.186072720296,0.02,importer_default_high_income,True
Qatar,Tunisia,2024,2709,5928077.453,7846130.0,0.0033239803137103,4106.814901117158,0.02,importer_default_high_income,True
Qatar,Belgium,2024,2709,4579004.017,12100200.0,0.0025675304227352,4844.846205764512,0.02,importer_default_high_income,True
Qatar,Colombia,2024,2709,2747719.862,7260960.0,0.0015406962546106,13260.788799277045,0.02,importer_default_high_income,True
Qatar,USA,2024,2709,1992710.848,4795030.0,0.0011173490363755,12255.713848861114,0.02,importer_default_high_income,True
Qatar,Finland,2024,2709,1189214.48,3142550.0,0.0006668140812328,4488.609785693972,0.02,importer_default_high_income,True
Rep. of Korea,Saudi Arabia,2024,2709,29479657426.0,47806530000.0,0.3454603387494215,7853.2249798660605,0.02,importer_default_high_income,True
Rep. of Korea,USA,2024,2709,14248803133.0,21511870000.0,0.166976036592563,10742.649529908404,0.02,importer_default_high_income,True
Rep. of Korea,United Arab Emirates,2024,2709,11902449379.0,18577700000.0,0.1394800534822599,7111.932465392021,0.02,importer_default_high_income,True
Rep. of Korea,Iraq,2024,2709,7674606042.0,13904946000.0,0.0899356449338977,7447.300916890044,0.02,importer_default_high_income,True
Rep. of Korea,Kuwait,2024,2709,6642571502.0,11435121000.0,0.0778416440899442,7341.928099767006,0.02,importer_default_high_income,True
Rep. of Korea,Qatar,2024,2709,4652726817.0,6857977000.0,0.0545234484608266,7239.167640914894,0.02,importer_default_high_income,True
Rep. of Korea,Australia,2024,2709,2167191753.0,3100904000.0,0.0253964551320065,6832.368844526652,0.02,importer_default_high_income,True
Rep. of Korea,Mexico,2024,2709,2035383672.0,3777583000.0,0.023851848841161,11542.883511681315,0.02,importer_default_high_income,True
Rep. of Korea,Brazil,2024,2709,1986751884.0,3272608000.0,0.0232819523286712,17604.985961968177,0.02,importer_default_high_income,True
Rep. of Korea,Algeria,2024,2709,1131637205.0,1634336000.0,0.0132612047192908,10938.88061151558,0.02,importer_default_high_income,True
Rep. of Korea,Kazakhstan,2024,2709,971124860.0,1458812000.0,0.0113802246157616,5068.163500549035,0.02,importer_default_high_income,True
Rep. of Korea,Oman,2024,2709,525248734.0,861557700.0,0.00615518026391,7032.213844985556,0.02,importer_default_high_income,True
Rep. of Korea,United Kingdom,2024,2709,499002183.0,787300004.7,0.0058476074088921,8857.779789775428,0.02,importer_default_high_income,True
Rep. of Korea,Nigeria,2024,2709,228434992.0,343312500.0,0.002676938492811,11924.026274381358,0.02,importer_default_high_income,True
Rep. of Korea,Papua New Guinea,2024,2709,210540190.0,325809400.0,0.0024672364507743,4990.144504011866,0.02,importer_default_high_income,True
Rep. of Korea,Norway,2024,2709,176427794.0,257621150.0,0.0020674868978056,7966.159130321405,0.02,importer_default_high_income,True
Rep. of Korea,Ecuador,2024,2709,172357276.0,306853000.0,0.0020197861220861,15378.521919455548,0.02,importer_default_high_income,True
Rep. of Korea,New Zealand,2024,2709,154699140.0,214433300.0,0.0018128574744396,9799.851979507535,0.02,importer_default_high_income,True
Rep. of Korea,Indonesia,2024,2709,116414202.0,165848300.0,0.0013642115672176,4325.169831952842,0.02,importer_default_high_income,True
Rep. of Korea,Canada,2024,2709,106505374.0,202299362.7,0.001248093966934,8578.927159721372,0.02,importer_default_high_income,True
Rep. of Korea,Mozambique,2024,2709,84614108.0,116017030.0,0.0009915589584456,11405.430478593797,0.02,importer_default_high_income,True
Rep. of Korea,Equatorial Guinea,2024,2709,75839401.0,117126700.0,0.0008887316694835,12332.865315125016,0.02,importer_default_high_income,True
Rep. of Korea,Philippines,2024,2709,36534778.0,58389600.0,0.0004281364807476,2629.999749745637,0.02,importer_default_high_income,True
Rep. of Korea,Malaysia,2024,2709,27404387.0,43381530.0,0.0003211410729586,4404.746669516208,0.02,importer_default_high_income,True
Rep. of Korea,Uruguay,2024,2709,16366311.0,27431800.0,0.0001917902660955,19517.989252756317,0.02,importer_default_high_income,True
Rep. of Korea,China,2024,2709,11123640.0,14271463.5,0.0001303534972267,2118.3603413179453,0.02,importer_default_high_income,True
Rep. of Korea,Singapore,2024,2709,739.0,209.1,8.66004603264695e-09,4567.104712452608,0.02,importer_default_high_income,True
Rep. of Korea,Netherlands,2024,2709,565.0,146.8,6.621009483688128e-09,8750.489807642938,0.02,importer_default_high_income,True
Rep. of Korea,Senegal,2024,2709,501.0,201.0,5.871019028898677e-09,13146.209175716203,0.02,importer_default_high_income,True
Rep. of Korea,South Africa,2024,2709,452.0,22.0,5.296807586950502e-09,13173.245112143131,0.02,importer_default_high_income,True
Rep. of Korea,Belgium,2024,2709,283.0,61.2,3.316364042272107e-09,8920.741341399375,0.02,importer_default_high_income,True
Rep. of Korea,Spain,2024,2709,267.0,63.3,3.128866428574743e-09,10185.002462644732,0.02,importer_default_high_income,True
Rep. of Korea,Argentina,2024,2709,233.0,40.7,2.7304339994678475e-09,18969.281036242224,0.02,importer_default_high_income,True
Rep. of Korea,Japan,2024,2709,157.0,13.918,1.8398203344053735e-09,942.7510366281982,0.02,importer_default_high_income,True
Rep. of Moldova,France,2024,2709,7056.0,1770.0,1.0,1985.1838594087085,0.04,importer_default_upper_middle_income,True
Romania,Kazakhstan,2024,2709,2678058954.92,4543357000.0,0.5385746571191072,3151.754487821174,0.02,importer_default_high_income,True
Romania,Azerbaijan,2024,2709,705091288.2,0.0,0.1417983342309686,1939.361539559785,0.02,importer_default_high_income,True
Romania,Guyana,2024,2709,633346508.26,1025702850.0,0.1273700035232805,9147.695878618406,0.02,importer_default_high_income,True
Romania,Norway,2024,2709,359296461.91,607379600.0,0.0722567994337029,1941.7697221664023,0.02,importer_default_high_income,True
Romania,Libya,2024,2709,312009834.6,493610600.0,0.0627471584890871,2285.6316377984986,0.02,importer_default_high_income,True
Romania,Congo,2024,2709,146989666.3,268000000.0,0.0295605550363768,5211.508279311448,0.02,importer_default_high_income,True
Romania,Canada,2024,2709,56345596.15,96182700.0,0.0113314570879431,7791.510913441497,0.02,importer_default_high_income,True
Romania,Côte d'Ivoire,2024,2709,43518603.8,71383400.0,0.0087518674959817,5172.0380649609615,0.02,importer_default_high_income,True
Romania,Gabon,2024,2709,37082237.8,57627000.0,0.0074574734330076,5360.616322693479,0.02,importer_default_high_income,True
Romania,Rep. of Moldova,2024,2709,654644.23,1558620.0,0.0001316531105708,306.65887774069273,0.02,importer_default_high_income,True
Romania,Ukraine,2024,2709,98590.0,197180.0,1.9827074884898844e-05,541.0773781250198,0.02,importer_default_high_income,True
Romania,Belgium,2024,2709,758.29,10.0,1.524969328985693e-07,1594.773507229191,0.0,eu_eea_uk_ch_zone,True
Romania,USA,2024,2709,305.65,0.0,6.1468155376502e-08,9045.859421841944,0.02,importer_default_high_income,True
Samoa,China,2024,2709,1.458,0.0,1.0,10345.06272549752,0.04,importer_default_upper_middle_income,True
Senegal,Nigeria,2024,2709,452861668.98,646411000.0,0.5590697119275944,2586.7083646120386,0.06,importer_default_lower_middle_income,True
Senegal,Nicaragua,2024,2709,357165523.19,528919000.0,0.4409302880724056,7614.495394799707,0.06,importer_default_lower_middle_income,True
Serbia,Iraq,2024,2709,613224133.0,1080197317.0,0.3784636624765284,2295.0123919405505,0.04,importer_default_upper_middle_income,True
Serbia,Kazakhstan,2024,2709,516223866.0,840388600.0,0.318597988028225,3520.3765176848297,0.04,importer_default_upper_middle_income,True
Serbia,Azerbaijan,2024,2709,426067554.0,620769900.0,0.2629561986746794,2224.6370980248057,0.04,importer_default_upper_middle_income,True
Serbia,Libya,2024,2709,57631722.0,83801100.0,0.0355685815498541,1995.2460403219457,0.04,importer_default_upper_middle_income,True
Serbia,Romania,2024,2709,4908664.0,7407010.0,0.0030294811559653,378.02246712632234,0.04,importer_default_upper_middle_income,True
Serbia,Hungary,2024,2709,1760010.0,3313100.0,0.0010862257284895,368.8222298283502,0.04,importer_default_upper_middle_income,True
Serbia,"Areas, nes",2024,2709,482363.0,854486.0,0.0002977000704947,,0.04,importer_default_upper_middle_income,True
Serbia,USA,2024,2709,263.0,8.0,1.623157633154124e-07,8976.46151005938,0.04,importer_default_upper_middle_income,True
Singapore,United Arab Emirates,2024,2709,7940523145.552,12593200000.0,0.2914383005936357,5912.786764792997,0.005,sg_low_tariff_fta_network,True
Singapore,USA,2024,2709,7289761852.598,11318300000.0,0.2675536318086993,15289.904836884012,0.005,sg_low_tariff_fta_network,True
Singapore,Qatar,2024,2709,3237768173.059,5188920000.0,0.1188346959987204,6233.227825463483,0.005,sg_low_tariff_fta_network,True
Singapore,Saudi Arabia,2024,2709,2196480838.885,3538560000.0,0.0806166837168292,6789.56613145621,0.005,sg_low_tariff_fta_network,True
Singapore,Brazil,2024,2709,1846014685.146,3119290000.0,0.0677536445456007,16988.80877644516,0.005,sg_low_tariff_fta_network,True
Singapore,Australia,2024,2709,1007894403.56,1541690000.0,0.0369924029899597,4376.561912211766,0.005,sg_low_tariff_fta_network,True
Singapore,Iraq,2024,2709,856325880.402,1548170000.0,0.0314294354117594,7180.576156154574,0.005,sg_low_tariff_fta_network,True
Singapore,Angola,2024,2709,672087165.673,1125360000.0,0.024667384985113,9594.747379144948,0.005,sg_low_tariff_fta_network,True
Singapore,Malaysia,2024,2709,301002562.818,460287000.0,0.0110475939398459,378.0966140432593,0.005,sg_low_tariff_fta_network,True
Singapore,Brunei Darussalam,2024,2709,271617309.504,411052000.0,0.009969077054829,1261.802858632802,0.005,sg_low_tariff_fta_network,True
Singapore,Indonesia,2024,2709,242911934.455,377083000.0,0.0089155135088465,1148.119486959817,0.005,sg_low_tariff_fta_network,True
Singapore,Congo,2024,2709,221782760.915,357499000.0,0.0081400166912477,9784.937655025564,0.005,sg_low_tariff_fta_network,True
Singapore,United Kingdom,2024,2709,210420964.576,391679000.0,0.0077230085727607,10960.83838875903,0.005,sg_low_tariff_fta_network,True
Singapore,Papua New Guinea,2024,2709,194226367.082,293774000.0,0.0071286238091959,4535.982384583038,0.005,sg_low_tariff_fta_network,True
Singapore,Viet Nam,2024,2709,94420140.411,140368000.0,0.0034654700652322,1495.4545535488537,0.005,sg_low_tariff_fta_network,True
Singapore,Sudan,2024,2709,92450056.344,150206000.0,0.0033931627446705,8196.857711429253,0.005,sg_low_tariff_fta_network,True
Singapore,South Sudan,2024,2709,88109896.693,143832000.0,0.0032338673519354,8059.178002376445,0.005,sg_low_tariff_fta_network,True
Singapore,Guyana,2024,2709,62920239.955,103182000.0,0.002309340010639,17978.1118878224,0.005,sg_low_tariff_fta_network,True
Singapore,China,2024,2709,59253673.738,101078000.0,0.0021747672869395,3837.488205409119,0.005,sg_low_tariff_fta_network,True
Singapore,New Zealand,2024,2709,47693569.22,72793300.0,0.0017504807312989,8530.706754970655,0.005,sg_low_tariff_fta_network,True
Singapore,Ecuador,2024,2709,47514453.796,79892700.0,0.0017439067192566,19786.14328943569,0.005,sg_low_tariff_fta_network,True
Singapore,Thailand,2024,2709,44231346.056,78766900.0,0.0016234079406657,1643.802018994975,0.005,sg_low_tariff_fta_network,True
Singapore,Nigeria,2024,2709,41762032.564,63345200.0,0.0015327775735539,10548.418288503835,0.005,sg_low_tariff_fta_network,True
Singapore,Libya,2024,2709,34019530.758,51080600.0,0.0012486071823439,9601.199645257651,0.005,sg_low_tariff_fta_network,True
Singapore,Panama,2024,2709,32312480.094,54455700.0,0.0011859538866574,18802.830964480123,0.005,sg_low_tariff_fta_network,True
Singapore,Denmark,2024,2709,29750018.948,51304400.0,0.0010919047531131,10148.865593669643,0.005,sg_low_tariff_fta_network,True
Singapore,Pakistan,2024,2709,22846799.453,40593600.0,0.0008385382530262,4859.382837872504,0.005,sg_low_tariff_fta_network,True
Singapore,Niger,2024,2709,22517975.894,42006200.0,0.000826469554595,10569.76685905233,0.005,sg_low_tariff_fta_network,True
Singapore,Norway,2024,2709,19143120.706,32917600.0,0.0007026034008528,10169.48806537013,0.005,sg_low_tariff_fta_network,True
Singapore,Kuwait,2024,2709,18113189.806,34477300.0,0.0006648021998837,6710.299163365789,0.005,sg_low_tariff_fta_network,True
Singapore,Japan,2024,2709,105593.085,30800.0,3.875546822639483e-06,5249.783595791139,0.005,sg_low_tariff_fta_network,True
Singapore,Spain,2024,2709,657.819,50.0,2.4143705388680347e-08,11383.38143569442,0.005,sg_low_tariff_fta_network,True
Singapore,Türkiye,2024,2709,206.551,310.0,7.580970588774898e-09,8074.600633006359,0.005,sg_low_tariff_fta_network,True
Singapore,Mauritius,2024,2709,202.809,323.836,7.443629244781426e-09,5584.835927214567,0.005,sg_low_tariff_fta_network,True
Singapore,Equatorial Guinea,2024,2709,151.171,40.0,5.548377421923351e-09,10397.883462136875,0.005,sg_low_tariff_fta_network,True
Singapore,Germany,2024,2709,50.141,80.063,1.8403079447292051e-09,10125.107440181951,0.005,sg_low_tariff_fta_network,True
Singapore,Rep. of Korea,2024,2709,41.16,20.0,1.5106813786133923e-09,4567.104712452608,0.005,sg_low_tariff_fta_network,True
Singapore,Tunisia,2024,2709,38.167,260.0,1.400830325013055e-09,10318.65804724602,0.005,sg_low_tariff_fta_network,True
Singapore,South Africa,2024,2709,23.948,70.0,8.789552394323011e-10,9212.819142922031,0.005,sg_low_tariff_fta_network,True
Singapore,"China, Hong Kong SAR",2024,2709,10.477,10.0,3.8453374158728166e-10,2586.1337815135935,0.005,sg_low_tariff_fta_network,True
Singapore,Philippines,2024,2709,10.477,10.0,3.8453374158728166e-10,2356.5148875469304,0.005,sg_low_tariff_fta_network,True
Singapore,Côte d'Ivoire,2024,2709,1.497,2.39,5.494387812886901e-11,12120.199043085311,0.005,sg_low_tariff_fta_network,True
Slovakia,Russian Federation,2024,2709,2168190048.501,4246803000.0,0.8576221102932958,5207.755670965016,0.02,importer_default_high_income,True
Slovakia,Azerbaijan,2024,2709,106644991.945,166240000.0,0.0421831578404831,2391.6869477408773,0.02,importer_default_high_income,True
Slovakia,Norway,2024,2709,79138996.34,135783000.0,0.0313032305883553,1494.1628772936745,0.02,importer_default_high_income,True
Slovakia,Guyana,2024,2709,67243631.838,100754000.0,0.0265980491334518,8767.842250181246,0.02,importer_default_high_income,True
Slovakia,Kazakhstan,2024,2709,57221545.362,100064000.0,0.0226338380814588,3434.306438248734,0.02,importer_default_high_income,True
Slovakia,USA,2024,2709,26381493.227,36239700.0,0.0104351331700236,8549.98790755818,0.02,importer_default_high_income,True
Slovakia,Libya,2024,2709,17788277.761,27656000.0,0.0070361084455761,2492.624658417757,0.02,importer_default_high_income,True
Slovakia,"Other Europe, nes",2024,2709,5515552.135,12161380.0,0.0021816627489466,,0.02,importer_default_high_income,True
Slovakia,Czechia,2024,2709,14110.994,2133.208,5.5815681199084955e-06,332.23914595981574,0.0,eu_eea_uk_ch_zone,True
Slovakia,Canada,2024,2709,2261.093,220.0,8.943696386624683e-07,7337.637341635709,0.02,importer_default_high_income,True
Slovakia,Israel,2024,2709,377.751,7.0,1.49418456195471e-07,2338.32751096028,0.02,importer_default_high_income,True
Slovakia,Poland,2024,2709,113.65,23.0,4.495397112546434e-08,363.5603851224874,0.0,eu_eea_uk_ch_zone,True
Slovakia,Italy,2024,2709,99.579,10.0,3.9388222531479213e-08,938.619445074699,0.0,eu_eea_uk_ch_zone,True
Slovenia,Austria,2024,2709,451.381,316.0,0.3928307545296232,155.51600511873212,0.0,eu_eea_uk_ch_zone,True
Slovenia,Germany,2024,2709,437.916,270.46,0.3811123478848123,649.5500419761411,0.0,eu_eea_uk_ch_zone,True
Slovenia,Croatia,2024,2709,167.506,119.0,0.1457781970624352,117.96479963670976,0.0,eu_eea_uk_ch_zone,True
Slovenia,Hungary,2024,2709,92.244,72.11,0.0802787005231291,361.88571345157294,0.0,eu_eea_uk_ch_zone,True
South Africa,Nigeria,2024,2709,2464448511.442,3911263006.0,0.4766143764348881,4663.529739518284,0.04,importer_default_upper_middle_income,True
South Africa,Saudi Arabia,2024,2709,873511217.578,1490908000.0,0.1689335371957989,6498.053759544017,0.04,importer_default_upper_middle_income,True
South Africa,Angola,2024,2709,792453456.248,1264183000.0,0.153257293934015,2214.8716025553717,0.04,importer_default_upper_middle_income,True
South Africa,USA,2024,2709,430134485.215,617087000.0,0.0831862700730291,14398.769059330554,0.04,importer_default_upper_middle_income,True
South Africa,Ghana,2024,2709,339060647.087,502524005.0,0.065572958061284,4986.244448333169,0.04,importer_default_upper_middle_income,True
South Africa,Côte d'Ivoire,2024,2709,95180531.238,135386000.0,0.0184075298526716,5212.183212555233,0.04,importer_default_upper_middle_income,True
South Africa,Algeria,2024,2709,93734686.109,133913000.0,0.018127909251397,6895.358952779694,0.04,importer_default_upper_middle_income,True
South Africa,Greece,2024,2709,82215321.84,126263000.0,0.0159001107835023,7743.771576375608,0.04,importer_default_upper_middle_income,True
South Africa,Brazil,2024,2709,43.538,34.0,8.420073142076081e-09,7777.137821308,0.04,importer_default_upper_middle_income,True
South Africa,United Kingdom,2024,2709,25.752,24.0,4.980332664677826e-09,9880.616805013762,0.04,importer_default_upper_middle_income,True
South Africa,Türkiye,2024,2709,5.238,18.0,1.013008018700779e-09,7834.9314042673,0.04,importer_default_upper_middle_income,True
Spain,USA,2024,2709,6351233316.513,10105700074.7,0.1734199466132687,7588.919528084392,0.02,importer_default_high_income,True
Spain,Nigeria,2024,2709,4773419095.569,7650030468.794,0.1303378483300345,3699.132770386125,0.02,importer_default_high_income,True
Spain,Brazil,2024,2709,4636451711.928,8817061500.0,0.1265979642516108,7850.183157675505,0.02,importer_default_high_income,True
Spain,Mexico,2024,2709,4283901150.399,8586834500.0,0.1169715977630932,9025.736082740732,0.02,importer_default_high_income,True
Spain,Libya,2024,2709,2380790839.713,3904536300.0,0.0650073142875922,2490.57242119486,0.02,importer_default_high_income,True
Spain,Angola,2024,2709,2231216235.766,3786470000.0,0.0609231910097167,6161.163941615357,0.02,importer_default_high_income,True
Spain,Saudi Arabia,2024,2709,2077783146.787,3529560000.0,0.0567337120891004,4879.7311121635985,0.02,importer_default_high_income,True
Spain,Algeria,2024,2709,1706335821.941,2661550800.0,0.0465913709036562,1468.0107443929828,0.02,importer_default_high_income,True
Spain,Kazakhstan,2024,2709,1545845312.64,2652251000.0,0.0422091896535118,5492.41133136356,0.02,importer_default_high_income,True
Spain,Venezuela,2024,2709,1273177436.889,2919460000.0,0.0347640138743526,7262.083902340323,0.02,importer_default_high_income,True
Spain,Guyana,2024,2709,1222019628.489,2121250000.0,0.0333671537749899,6760.798256653527,0.02,importer_default_high_income,True
Spain,Iraq,2024,2709,889871339.935,1697260000.0,0.0242978698110451,4244.743756614132,0.02,importer_default_high_income,True
Spain,Canada,2024,2709,817548720.616,1586231000.0,0.0223231061460695,7059.688098020236,0.02,importer_default_high_income,True
Spain,Equatorial Guinea,2024,2709,644955199.853,1124960076.0,0.0176104530809246,4541.073354854908,0.02,importer_default_high_income,True
Spain,Norway,2024,2709,616236541.016,1015637013.0,0.0168262922677218,2377.9316164492825,0.02,importer_default_high_income,True
Spain,Italy,2024,2709,323300345.81,722300120.85,0.0088276915547488,1372.634159115681,0.0,eu_eea_uk_ch_zone,True
Spain,United Kingdom,2024,2709,236064309.846,410139081.2,0.0064457181732488,1658.5654727588749,0.0,eu_eea_uk_ch_zone,True
Spain,Gabon,2024,2709,129428687.798,251487012.6,0.0035340405570988,4845.333032133399,0.02,importer_default_high_income,True
Spain,Azerbaijan,2024,2709,106318344.884,173956000.0,0.0029030143871201,4289.065075944877,0.02,importer_default_high_income,True
Spain,Albania,2024,2709,98322134.649,224932000.0,0.0026846784698335,2008.099974861018,0.02,importer_default_high_income,True
Spain,Ghana,2024,2709,82253907.821,130716000.0,0.0022459367483734,3625.840937427934,0.02,importer_default_high_income,True
Spain,Senegal,2024,2709,77247408.569,137380000.0,0.002109234663954,3068.52291254782,0.02,importer_default_high_income,True
Spain,Malta,2024,2709,62341573.079,121151700.0,0.0017022319502951,1658.27392965308,0.0,eu_eea_uk_ch_zone,True
Spain,France,2024,2709,32335830.568,48348200.0,0.0008829274144627,801.532862166119,0.0,eu_eea_uk_ch_zone,True
Spain,Tunisia,2024,2709,12225004.357,23530600.0,0.0003338028217961,1383.531191823004,0.02,importer_default_high_income,True
Spain,"Other Europe, nes",2024,2709,11519125.484,27972900.0,0.0003145288524156,,0.02,importer_default_high_income,True
Spain,Germany,2024,2709,1111424.532,542436.0,3.034736300790449e-05,1615.3757128190225,0.0,eu_eea_uk_ch_zone,True
Spain,Portugal,2024,2709,159663.247,150860.0,4.359592915418676e-06,399.4471110348349,0.0,eu_eea_uk_ch_zone,True
Spain,Belgium,2024,2709,10732.755,5698.0,2.9305706566849645e-07,1285.4141137376864,0.0,eu_eea_uk_ch_zone,True
Spain,Colombia,2024,2709,3354.845,0.0,9.160378965816578e-08,8037.769308103558,0.02,importer_default_high_income,True
Spain,Singapore,2024,2709,1257.45,0.0,3.4334577396470053e-08,11383.38143569442,0.02,importer_default_high_income,True
Spain,Togo,2024,2709,915.686,15.0,2.5002737156836516e-08,3569.737189065305,0.02,importer_default_high_income,True
Spain,Peru,2024,2709,373.672,8.0,1.0203085772709657e-08,9128.275165780991,0.02,importer_default_high_income,True
Spain,Côte d'Ivoire,2024,2709,245.999,9.0,6.716984138497941e-09,3665.298422886699,0.02,importer_default_high_income,True
Spain,Gibraltar,2024,2709,97.997,0.0,2.675800692768599e-09,500.63022242736866,0.02,importer_default_high_income,True
Sri Lanka,United Arab Emirates,2024,2709,766316510.629,1519430000.0,0.9999521666164692,3350.5341573088494,0.06,importer_default_lower_middle_income,True
Sri Lanka,India,2024,2709,35655.516,2155.0,4.652621988630154e-05,1427.7743432069446,0.06,importer_default_lower_middle_income,True
Sri Lanka,China,2024,2709,507.881,535.0,6.627244738815366e-07,3916.949701886977,0.06,importer_default_lower_middle_income,True
Sri Lanka,"China, Hong Kong SAR",2024,2709,453.095,101.0,5.912352411162356e-07,3914.95194436449,0.06,importer_default_lower_middle_income,True
Sri Lanka,Netherlands,2024,2709,40.773,5.0,5.320392960865221e-08,8328.001114249932,0.06,importer_default_lower_middle_income,True
Sweden,Norway,2024,2709,5583489699.536,8732473000.0,0.4957553991856743,561.2811508529059,0.02,importer_default_high_income,True
Sweden,USA,2024,2709,1507807968.907,2238256149.053,0.1338775535993107,7667.460566886351,0.02,importer_default_high_income,True
Sweden,United Kingdom,2024,2709,1482132409.862,2464048298.105,0.1315978329033583,1404.0923851067605,0.0,eu_eea_uk_ch_zone,True
Sweden,Guyana,2024,2709,1049015073.082,1757959000.0,0.0931415502299169,8852.790643609876,0.02,importer_default_high_income,True
Sweden,Nigeria,2024,2709,773744275.196,1195140000.0,0.0687003867938182,5736.672212511786,0.02,importer_default_high_income,True
Sweden,Denmark,2024,2709,407251952.904,675531000.0,0.03615970752088,685.7322372670407,0.0,eu_eea_uk_ch_zone,True
Sweden,Libya,2024,2709,391760505.515,574330000.0,0.0347842292630915,3759.1805899390833,0.02,importer_default_high_income,True
Sweden,Côte d'Ivoire,2024,2709,44548935.468,67323000.0,0.0039554788268115,6188.500749854535,0.02,importer_default_high_income,True
Sweden,Germany,2024,2709,22193986.169,33822000.0,0.0019705934934648,1119.4127588273575,0.0,eu_eea_uk_ch_zone,True
Sweden,Netherlands,2024,2709,642811.604,1198000.0,5.707493708973554e-05,1210.1407247244017,0.0,eu_eea_uk_ch_zone,True
Sweden,Malaysia,2024,2709,1135.542,1788.631,1.00824234984956e-07,9232.572759496508,0.02,importer_default_high_income,True
Sweden,Jordan,2024,2709,473.143,745.263,4.2010142305160907e-08,3535.5825558846336,0.02,importer_default_high_income,True
Sweden,Peru,2024,2709,283.886,447.158,2.5206103141001585e-08,11095.02700020187,0.02,importer_default_high_income,True
Sweden,Barbados,2024,2709,189.257,298.105,1.680403916415933e-08,8085.065513705445,0.02,importer_default_high_income,True
Sweden,Iceland,2024,2709,94.629,149.053,8.402063976842249e-09,1971.1962547366916,0.0,eu_eea_uk_ch_zone,True
Switzerland,USA,2024,2709,843288063.78,1410648000.0,0.5437197282486542,8011.208432552085,0.02,importer_default_high_income,True
Switzerland,Nigeria,2024,2709,578780497.523,954938000.0,0.3731754169722542,4196.288821280673,0.02,importer_default_high_income,True
Switzerland,Libya,2024,2709,56806218.713,92994000.0,0.0366264662433592,2411.3636453932286,0.02,importer_default_high_income,True
Switzerland,Algeria,2024,2709,52071404.518,95451000.0,0.033573640052658,2165.783599986336,0.02,importer_default_high_income,True
Switzerland,Kazakhstan,2024,2709,17685973.877,28554000.0,0.0114032361220802,4308.857033531564,0.02,importer_default_high_income,True
Switzerland,France,2024,2709,2328787.031,4130000.0,0.0015015123609939,464.6557264173264,0.0,eu_eea_uk_ch_zone,True
Taiwan,Saudi Arabia,2024,2709,7560878969.0,14399200000.0,0.3166961557899979,7613.61739846916,0.02,importer_default_high_income,True
Taiwan,USA,2024,2709,7159040582.75,13345374000.0,0.2998646904675127,12241.187262270494,0.02,importer_default_high_income,True
Taiwan,Kuwait,2024,2709,3111656777.8,5991130000.0,0.130335341129986,7219.253317728134,0.02,importer_default_high_income,True
Taiwan,United Arab Emirates,2024,2709,2382550273.4,4513400000.0,0.0997958723656152,6770.206194283605,0.02,importer_default_high_income,True
Taiwan,Oman,2024,2709,1931565270.1,3733870000.0,0.0809058441758187,6616.75171920453,0.02,importer_default_high_income,True
Taiwan,Qatar,2024,2709,1146101469.5,2213130000.0,0.0480057849125871,6975.500487802216,0.02,importer_default_high_income,True
Taiwan,Iraq,2024,2709,396626113.2,765869000.0,0.016613143240538,7463.02642957299,0.02,importer_default_high_income,True
Taiwan,Chad,2024,2709,101411121.39,201260000.0,0.0042477220479583,10516.734809965825,0.02,importer_default_high_income,True
Taiwan,Norway,2024,2709,84406071.358,166897000.0,0.0035354458699859,8873.45203474003,0.02,importer_default_high_income,True
Thailand,United Arab Emirates,2024,2709,14749293229.32,151659782201.0,0.440339819508534,4986.541289046322,0.04,importer_default_upper_middle_income,True
Thailand,Saudi Arabia,2024,2709,3853704057.75,5884971600.0,0.1150522484599877,5878.750846169132,0.04,importer_default_upper_middle_income,True
Thailand,USA,2024,2709,3823625051.69,5035933961.0,0.1141542404067526,13871.489685675517,0.04,importer_default_upper_middle_income,True
Thailand,Malaysia,2024,2709,2446960744.96,3272238146.0,0.0730539583170136,1300.92308506684,0.04,importer_default_upper_middle_income,True
Thailand,Indonesia,2024,2709,1858574592.97,2463567600.0,0.0554877029080049,2333.9662896843915,0.04,importer_default_upper_middle_income,True
Thailand,Australia,2024,2709,1093095558.17,1424813006.0,0.0326343434432043,5791.355074400233,0.04,importer_default_upper_middle_income,True
Thailand,Qatar,2024,2709,1034126502.35,1651609500.0,0.0308738236004807,5260.461663435422,0.04,importer_default_upper_middle_income,True
Thailand,Nigeria,2024,2709,689788659.48,912243400.0,0.0205936250023595,9977.20927799833,0.04,importer_default_upper_middle_income,True
Thailand,Brazil,2024,2709,682582416.43,967905210.0,0.020378482777262,17103.313896901378,0.04,importer_default_upper_middle_income,True
Thailand,Libya,2024,2709,600186191.35,838883800.0,0.0179185453202057,8627.343254185544,0.04,importer_default_upper_middle_income,True
Thailand,Viet Nam,2024,2709,544369374.03,761301300.0,0.0162521354874029,807.993340049058,0.04,importer_default_upper_middle_income,True
Thailand,Brunei Darussalam,2024,2709,494717294.65,736859100.0,0.0147697737679308,1959.4592493784776,0.04,importer_default_upper_middle_income,True
Thailand,Congo,2024,2709,382536361.56,532694300.0,0.0114206145193404,9497.391876506854,0.04,importer_default_upper_middle_income,True
Thailand,Azerbaijan,2024,2709,292031669.74,379444600.0,0.0087185989690989,5791.199432372264,0.04,importer_default_upper_middle_income,True
Thailand,Gabon,2024,2709,256016338.23,330098500.0,0.0076433620523138,9966.006493266555,0.04,importer_default_upper_middle_income,True
Thailand,Angola,2024,2709,241740373.21,311642560.0,0.007217153435909,9625.534080065,0.04,importer_default_upper_middle_income,True
Thailand,Pakistan,2024,2709,119003943.64,164747000.0,0.003552860075971,3598.047099622878,0.04,importer_default_upper_middle_income,True
Thailand,Philippines,2024,2709,89837463.6,116303700.0,0.0026820954666552,2261.9533279281927,0.04,importer_default_upper_middle_income,True
Thailand,Timor-Leste,2024,2709,64154680.18,75885700.0,0.0019153365420202,3871.3415809214766,0.04,importer_default_upper_middle_income,True
Thailand,New Zealand,2024,2709,57699567.22,73615626.0,0.0017226192889614,9863.211300598176,0.04,importer_default_upper_middle_income,True
Thailand,Oman,2024,2709,54203228.54,77723400.0,0.001618236175862,4767.305807828391,0.04,importer_default_upper_middle_income,True
Thailand,Equatorial Guinea,2024,2709,50298358.45,59500000.0,0.0015016563666535,10034.8213404021,0.04,importer_default_upper_middle_income,True
Thailand,Kuwait,2024,2709,14369169.8,26638100.0,0.0004289912430272,5643.637378506067,0.04,importer_default_upper_middle_income,True
Thailand,Singapore,2024,2709,2313926.95,3395040.0,6.908223734364719e-05,1643.802018994975,0.04,importer_default_upper_middle_income,True
Thailand,Iraq,2024,2709,19333.87,1260.0,5.772122564678284e-07,6031.30756907717,0.04,importer_default_upper_middle_income,True
Thailand,Spain,2024,2709,3868.55,600.0,1.154954737338473e-07,10063.331379158684,0.04,importer_default_upper_middle_income,True
Thailand,"China, Hong Kong SAR",2024,2709,53.22,12.0,1.588881909789288e-09,1558.1059864990348,0.04,importer_default_upper_middle_income,True
Thailand,Norway,2024,2709,9.72,40.0,2.9019038262216993e-10,8613.52955838209,0.04,importer_default_upper_middle_income,True
Thailand,Myanmar,2024,2709,1.37,2.0,4.090131936135523e-11,855.7908212885948,0.04,importer_default_upper_middle_income,True
Trinidad and Tobago,USA,2024,2709,2303.662,0.0,0.8071215099310832,4527.513779448581,0.02,importer_default_high_income,True
Trinidad and Tobago,Jamaica,2024,2709,550.508,46.0,0.1928784900689167,1916.107761181302,0.02,importer_default_high_income,True
Tunisia,Azerbaijan,2024,2709,630754974.455,1030956354.596,0.9997984141067894,3421.196607033311,0.06,importer_default_lower_middle_income,True
Tunisia,Libya,2024,2709,127176.942,207868.161,0.0002015858932106,1118.302651539881,0.06,importer_default_lower_middle_income,True
USA,Canada,2024,2709,103300938691.0,236034176961.0,0.5922416722141299,2261.5437678773055,0.0,bilateral_fta_bloc,True
USA,Mexico,2024,2709,12476631428.0,26496536238.0,0.0715306284158854,1632.5233521875562,0.02,importer_default_high_income,True
USA,Saudi Arabia,2024,2709,8353719321.0,15604927482.0,0.047893279214776,12089.23975005249,0.02,importer_default_high_income,True
USA,Brazil,2024,2709,6711531852.0,12329035059.0,0.0384783419929675,7316.914682969025,0.02,importer_default_high_income,True
USA,Colombia,2024,2709,5922032113.0,12110192865.0,0.0339520070771096,4222.305262761185,0.02,importer_default_high_income,True
USA,Venezuela,2024,2709,5882011393.0,13157409636.0,0.0337225615518669,4507.990341807135,0.02,importer_default_high_income,True
USA,Iraq,2024,2709,5809551979.0,11211291294.0,0.0333071395328727,11135.861765785983,0.02,importer_default_high_income,True
USA,Guyana,2024,2709,5313278538.0,10033927935.0,0.0304619203480551,5176.510888930579,0.02,importer_default_high_income,True
USA,Nigeria,2024,2709,4457538960.0,8076089703.0,0.0255558212837424,10649.161848290529,0.02,importer_default_high_income,True
USA,Ecuador,2024,2709,3668163862.0,7054989954.0,0.0210302009557207,4690.719587975518,0.02,importer_default_high_income,True
USA,Angola,2024,2709,1695323678.0,3237821304.0,0.0097195760534788,12841.299525381752,0.02,importer_default_high_income,True
USA,United Kingdom,2024,2709,1534720185.0,2856301758.0,0.0087988091905341,6830.4035407829715,0.02,importer_default_high_income,True
USA,Libya,2024,2709,1490313297.0,2701943127.0,0.0085442170257367,10078.409580850985,0.02,importer_default_high_income,True
USA,Argentina,2024,2709,1484133058.0,2696280819.0,0.0085087846751074,9017.676743745851,0.02,importer_default_high_income,True
USA,Trinidad and Tobago,2024,2709,1327203437.0,2614738941.0,0.0076090807388345,4527.513779448581,0.02,importer_default_high_income,True
USA,United Arab Emirates,2024,2709,1203473390.0,2262157077.0,0.0068997155494474,12569.098197224845,0.02,importer_default_high_income,True
USA,Kazakhstan,2024,2709,1195170100.0,2202763740.0,0.0068521113900197,10395.988584692775,0.02,importer_default_high_income,True
USA,Ghana,2024,2709,766800333.0,1433949927.0,0.0043961953998181,9887.87913904479,0.02,importer_default_high_income,True
USA,Kuwait,2024,2709,639902520.0,1244929455.0,0.00366866887466,11694.325656851664,0.02,importer_default_high_income,True
USA,Norway,2024,2709,375415506.0,688151841.0,0.002152320297046,7186.805775647553,0.02,importer_default_high_income,True
USA,Algeria,2024,2709,334329462.0,628392963.0,0.0019167670899643,8769.586033744083,0.02,importer_default_high_income,True
USA,Cameroon,2024,2709,136876084.0,264124440.0,0.0007847336326416,11082.928672265098,0.02,importer_default_high_income,True
USA,Chad,2024,2709,78216077.0,148875993.0,0.0004484259371066,11014.947880859692,0.02,importer_default_high_income,True
USA,Guatemala,2024,2709,77023463.0,178883109.0,0.0004415884802682,2430.0136679046827,0.02,importer_default_high_income,True
USA,Senegal,2024,2709,75146730.0,158151258.0,0.0004308288540315,8276.911235499396,0.02,importer_default_high_income,True
USA,Gabon,2024,2709,64129473.0,124754898.0,0.0003676650648968,11590.697180976977,0.02,importer_default_high_income,True
USA,Peru,2024,2709,49990315.0,106179405.0,0.0002866028917575,5580.333211082557,0.02,importer_default_high_income,True
USA,Poland,2024,2709,34670.0,55014.0,1.987689466896665e-07,8279.737932917335,0.02,importer_default_high_income,True
USA,"China, Hong Kong SAR",2024,2709,20963.0,33867.0,1.2018440811812744e-07,12704.531283870774,0.02,importer_default_high_income,True
USA,Qatar,2024,2709,3020.0,159.0,1.7314168416578972e-08,12255.713848861114,0.02,importer_default_high_income,True
Uganda,Singapore,2024,2709,42485.0,508.0,0.8498936057633929,7951.122334384047,0.08,importer_default_low_income,True
Uganda,Italy,2024,2709,5019.62,720.0,0.1004152745995537,4916.277018477815,0.08,importer_default_low_income,True
Uganda,Denmark,2024,2709,2483.99,205.0,0.0496911196370533,6435.16407698558,0.08,importer_default_low_income,True
Ukraine,Latvia,2024,2709,14904.14,24371.0,1.0,1042.6800403257992,0.06,importer_default_lower_middle_income,True
United Kingdom,Norway,2024,2709,11524605033.674,19254300000.0,0.3745571209328787,900.4937074053095,0.02,importer_default_high_income,True
United Kingdom,USA,2024,2709,10712966562.098,16859900000.0,0.3481783454118443,6830.4035407829715,0.02,importer_default_high_income,True
United Kingdom,Libya,2024,2709,2689499189.911,4269110000.0,0.0874104639925545,3636.2449836286414,0.02,importer_default_high_income,True
United Kingdom,Nigeria,2024,2709,1301444336.777,2111640000.0,0.0422977830835206,5257.054540708461,0.02,importer_default_high_income,True
United Kingdom,Guyana,2024,2709,1012550087.65,1637200000.0,0.0329085330492763,7452.192640958116,0.02,importer_default_high_income,True
United Kingdom,Algeria,2024,2709,753815870.474,1135550000.0,0.0244995035693854,3067.9126606950776,0.02,importer_default_high_income,True
United Kingdom,Türkiye,2024,2709,596034109.858,926406589.0,0.0193714942519841,3382.463236009345,0.02,importer_default_high_income,True
United Kingdom,Canada,2024,2709,589037266.565,963941000.0,0.019144092317446,5807.422505518145,0.02,importer_default_high_income,True
United Kingdom,Angola,2024,2709,479605751.428,775870000.0,0.0155874972645768,7665.748767573218,0.02,importer_default_high_income,True
United Kingdom,Kazakhstan,2024,2709,297858275.184,452393000.0,0.0096805866815364,4705.0779494847,0.02,importer_default_high_income,True
United Kingdom,United Arab Emirates,2024,2709,174000800.04,285284000.0,0.0056551385936931,5836.552531666867,0.02,importer_default_high_income,True
United Kingdom,Congo,2024,2709,141579401.873,239622000.0,0.0046014221740356,6425.620808100416,0.02,importer_default_high_income,True
United Kingdom,Cameroon,2024,2709,90108953.222,139500000.0,0.0029285992873933,5518.297814793287,0.02,importer_default_high_income,True
United Kingdom,Brazil,2024,2709,85669023.022,124607000.0,0.0027842986829044,8966.771801914781,0.02,importer_default_high_income,True
United Kingdom,Equatorial Guinea,2024,2709,79415108.015,118048000.0,0.0025810423983952,6101.043614345569,0.02,importer_default_high_income,True
United Kingdom,Azerbaijan,2024,2709,57443847.405,0.0,0.0018669622114125,4059.3716535951903,0.02,importer_default_high_income,True
United Kingdom,Malaysia,2024,2709,57362069.957,89344700.0,0.001864304391436,10582.757396423933,0.02,importer_default_high_income,True
United Kingdom,Tunisia,2024,2709,56194164.781,79808000.0,0.0018263467174882,2591.033318114694,0.02,importer_default_high_income,True
United Kingdom,Liberia,2024,2709,51686364.042,90132700.0,0.0016798402765642,5469.0176347108045,0.02,importer_default_high_income,True
United Kingdom,Netherlands,2024,2709,17741945.576,30550000.0,0.0005766247116735,677.0784537060583,0.0,eu_eea_uk_ch_zone,True
United Rep. of Tanzania,South Africa,2024,2709,10085.447,9764.0,0.8477906973616343,2965.1218924720124,0.06,importer_default_lower_middle_income,True
United Rep. of Tanzania,Poland,2024,2709,1488.373,0.0,0.125113818317049,6652.1933276002865,0.06,importer_default_lower_middle_income,True
United Rep. of Tanzania,China,2024,2709,322.332,1050.0,0.0270954843213166,8596.805548752258,0.06,importer_default_lower_middle_income,True
Uruguay,Nigeria,2024,2709,432400680.0,686914000.0,0.4706481637676618,8236.926353106564,0.02,importer_default_high_income,True
Uruguay,Argentina,2024,2709,205031503.0,357724000.0,0.2231673187967091,966.1889822700264,0.02,importer_default_high_income,True
Uruguay,Kazakhstan,2024,2709,104133134.0,146518000.0,0.1133441055283998,14985.73887721173,0.02,importer_default_high_income,True
Uruguay,Azerbaijan,2024,2709,95891687.0,146768000.0,0.1043736712142389,13309.30991680913,0.02,importer_default_high_income,True
Uruguay,USA,2024,2709,81277442.0,144036000.0,0.0884667406929902,8780.552069568412,0.02,importer_default_high_income,True
Uzbekistan,Russian Federation,2024,2709,282976613.0,478662000.0,0.7712629790887429,3508.6564812377137,0.06,importer_default_lower_middle_income,True
Uzbekistan,Turkmenistan,2024,2709,49749069.0,80481900.0,0.1355928843626078,504.10075206833255,0.06,importer_default_lower_middle_income,True
Uzbekistan,Kazakhstan,2024,2709,33592896.99,59476600.0,0.0915586540316979,761.2422452369126,0.06,importer_default_lower_middle_income,True
Uzbekistan,Azerbaijan,2024,2709,547509.0,893190.0,0.0014922555540584,1436.7506102646907,0.06,importer_default_lower_middle_income,True
Uzbekistan,Iran,2024,2709,20993.0,27990.0,5.7217179710925365e-05,1386.7387415400176,0.06,importer_default_lower_middle_income,True
Uzbekistan,Iraq,2024,2709,13212.0,22000.0,3.6009783182048586e-05,2052.2496430341703,0.06,importer_default_lower_middle_income,True
